가격,평점,채널,날짜,제품명,리뷰
"32,710",평점1,아비소,21.10.11.,신일 싹쓸이 SVC-680G,참...사람 욕심이란게....첨엔 그래 머리카락만 잘 빨아들이몀 된다 생각했는데..그냥 돈 더 주고 좋은걸 살걸 그랬나 싶어요 얼마 사용하지도 않암ㅅ는데 힘없어하는 이 친구를 볼때면..참 안쓰럽습니다.충전이 안돼서 휴지한장 머리카락 한올 빨아들이는거 힘들어하는 모습보몀....하아...충전을 자주 해주셔야해요전 재구매의사 없습니다.
"32,710",평점4,G마켓,21.08.02.,신일 싹쓸이 SVC-680G,아이들이 지우개 찌꺼기 진공청소기를 산다기에 알아봤더니책상용 진공청소기도 성능이 쓸만하면 꽤 비싸더군요.조금 더 투자해서 이제품으로 구입했는데 모두 만족입니다.책상 청소할때는 작은 흡입구를 하나 더 끼워서 쓰면 딱 좋구요.저도 바닥청소 잠깐씩 할 때 잘 사용합니다.단점이라면 모터가 약하다고 해야할까요? 10분이상은 사용할 수가 없더군요.이 청소기로 자동차 청소도 도전해 보려고 했는데 그건 안될 것 같아요.그래도 집에서 잠깐씩 쓰기에는 참 좋습니다.특히 책상용으로 진공청소기 사시려던 분은 이걸 쓰시면 더 만족하실겁니다.
"32,710",평점4,아비소,21.07.30.,신일 싹쓸이 SVC-680G,"머리카락용으로 구입했어요머리말릴때 머리카락이 너무 많이 빠져서휴지뽑아 손으로 쓱쓱 훔치다가넘 귀찮아 져서 알아보다 구입합니다.저렴한가격 가벼운무게 쓱쓱 머리카락용으로 딱이예여 제품받고 처음엔 흡입력도 약한거같고 실망했는데 3,4일 쓰다보니 딱이네여 화장대옆에 설치하고 머리말리고나서 쓱 빠르게 쓱 한번 훔쳐줍니다 좋아용"
"32,710",평점5,옥션,21.08.10.,신일 싹쓸이 SVC-680G,배송은 빠른편이구요 상품도 마음에 들어요 가격이 왔다갔다 하네요 다행히 쫌 더 저렴할때 구매했어요 오자말자 충전했네요 처음에는 20시간 충전해야 한다고 해서요 눌려보니 성능도 좋네요 소음은 있어두 이정도면 괜찮은거 같아요 대만족입니다 이상품 적극적으로 강추합니다^^
"32,710",평점5,아비소,21.01.02.,신일 싹쓸이 SVC-680G,전에도 신일 싹쓰리 5년정도 써서 이번에도 신일꺼로 구매했어요.그때보다 힘도 쎄지고 디자인도 세련되어서고급스러워보입니다.다만 지지대가 너무 약해서 바닥에 놓구 쓰기엔불편하네요 .좀 안정감이 있음 좋았을건데 아쉽네요
"32,710",평점2,아비소,20.11.15.,신일 싹쓸이 SVC-680G,핸디청소기 처음 써본게 아닌데 이 제품은 추천하지않아요. 소음도 뭔가 미묘하게 거슬리고요(다른 비슷한 가격대 핸디청소기 소음보다 머리가 아파요) 충천하는 것도 플라스틱에 허접..하고...반품하려다가 제품 이상은 아닌것같고 판매자분께서 빨리 잘 보내주시고 그래서 뭔가 죄송하기도해서 걍..대충 일년쓰고 바꿀 예정입니다. 흡입력은 괜찮습니다.
"32,710",평점5,옥션,21.08.07.,신일 싹쓸이 SVC-680G,기존에 쓰던 청소기도 신일미니무선청소기로 쓰다가9년가까이 오래써서인지 흡입력이 약해져 서구입했어요.써보니 흡입력이 좋아요.머리카락도 흡입이잘되네요.저렴하게 잘 구입했어요.기존에 쓰던거보다 자리차지도않고간편하게 쓸수있어서 좋아요.
"32,710",평점1,G마켓,21.09.01.,신일 싹쓸이 SVC-680G,두번정도 충전했는데 충전연결된 접착 부분이 빠졌어요. 일반 청소기처럼 아답터 직접연결도 아니라서 첨부터 너무 어이없었는데두번사용하고 접착부위가 그렇게 된거보니까 이거무슨 일회용인가 싶네여고객센터 전화했더니 수리점으로 전화하라고 돌려서 수리점에 전화하니 기사라는 양반이 공장전화번호 알려줄테니 거기 부품있으면 사던지 없으면 그냥 버리라고 하네요 ㅋㅋㅋㅋㅋㅋㅋ제 잘못이니 저보고 알아서하래요 ㅋㅋㅋㅋㅋㅋㅋ즁궈 직구보다 백배 더 쓰레기 팔면서 당당하네여남은평생 이 브랜드와 이 판매자 제품은 구매할일 없어요
"32,710",평점4,옥션,21.01.21.,신일 싹쓸이 SVC-680G,"배송 빠르고, 파손없이 잘 왔네요.흡입은 나쁘지 않고, 소음도 크지 않습니다.흡입구 고무판이 사용후 밀봉되지 않아 자칫 모아놓은걸 흘릴 가능성도 있네요. 많은 양을 청소하지는 않으니 그건 패스합니다.필터 분리후 충전지가 그대로 노출되던데 마감을 신경 써야 할 부분인듯 합니다."
"32,710",평점5,아비소,20.08.12.,신일 싹쓸이 SVC-680G,예전에 이 브랜드 빨간색을 쓰다가 다른 미니 청소기로 바꿔서 썼는데 입구가 둥그래서 불편하더라고요.쓰던게 약해져서 다시 이 브랜드로 바꿨어요.따로 장착을 안해도 입구가 뾰족해서 구석구석 청소하기 정말 편해요.전에는 눕혀서 충전하는거였는데 세우는걸로 바뀌었네요. 자리 차지 안해서 좋아요.가성비 좋아요. 만족합니다~
"32,710",평점4,아비소,21.02.03.,신일 싹쓸이 SVC-680G,거치대가 벽에 못을 박아서 설치를 해야 하는 가벼운 플라스틱이네요? 이거 쓰겠다고 누가 벽에 못을...고정을 안 하면 사용이 불편하고(가벼워서 움직임) 전에 쓰던 무궁화 꺼는 거치대가 약간은 묵직해서 꼽을 때 안정감이 있었거든요. 참고하세요!
"32,710",평점4,아비소,21.01.11.,신일 싹쓸이 SVC-680G,이 가격에 이 정도면 매우 준수하다고 생각합니다. 다만 네이퍼쇼핑 정보란에 적혀있던 충전시간과 사용시간이 설명서에 적힌 것과 다르더라구요. 실제로 충전시간은 더 길고 사용가능시간은 짧습니다. 그 점을 감안해도 일단은 가격대비 좋은 소비였다고 생각합니다.
"32,710",평점5,세신 라이프,20.07.18.,신일 싹쓸이 SVC-680G,예전에 이 모델과 다른 신일 핸디청소기를 썼었는데 5~6년 쓰다보니 흡입력도 약해지고 사용시간도 점점 짧아져서 교체했습니다. 훨씬 가볍고 날렵하니 좋네요. 일단은 흡입력도 괜찮습니다. 신일제품에 대한 신뢰가 있어 재구매 합니다. 오래 오래 건강하길 바랍니다. ^^
"32,710",평점4,아비소,20.10.22.,신일 싹쓸이 SVC-680G,머리카락 청소용으로 구매했어요.생각보다 빨리는 힘이 좀 약한거 같아요. 딱 머리카락 청소용이지만 바닥에 있는것은 잘 빨아들이는데 피부나 이불위에 붙은 머리카락은 잘 안들어가요. 가볍에 쓸 용도로 샀으니까 이정도로도 만족해요.
"32,710",평점4,옥션,20.09.04.,신일 싹쓸이 SVC-680G,배송 완전 빠르구요..제품 얄상하니 딱 좋아요.오자마자 써봤는데 흡입력 괘안아요.쓰고나서 설명서 읽었더니... 처음엔 20시간 충전후 사용하라고... 오메나~ 승질이 넘 급했네요ㅠㅠ하나더 사려구요 ㅋㅋ틈새에 끼워놓으니 딱  이예요~^^
"32,710",평점5,옥션,20.05.13.,신일 싹쓸이 SVC-680G,몇년동안 사용한 제품입니다이 제품 찾을려고 여기 저기 다 뒤져서 구매하였습니다저는 정말 맘에 들어요오랫동안 사용 한 제품 한번구매할때 2~3개 구매해서 사용중이구요 고장 없이 정말 잘 사용하고 있습니다일정 사용 기간 지나면 밧데리 약해지는건 당연한 거구요담에 또 구매할게요
"32,710",평점5,G마켓,19.11.26.,신일 싹쓸이 SVC-680G,옷 매장에서 쓰는데 너무 가볍고 좋아서 주문 했는데 주소를 언니네집으로  설정해 버려서 잘못 배송되서재 주문하려고 합니다.^^집에 청소기 많은데 이건 무선핸디용이라 가볍고 흡입력도 좋습니다. 집 선반위나 구석구석 사용하기 좋아요~차량청소도 좋습니다~~
"32,710",평점5,G마켓,20.01.03.,신일 싹쓸이 SVC-680G,옷가게에서  알바하다가 사용해 보고 집에 청소기 많은데 가벼워서 또 구매 했네요. 주소를 잘 못 써서 언니네 집으로 배송돼 의도치 않게  언니에게 선물하게 된 청소기 형부께서 차량용청소기로 잘 사용하고 있다고 합니다. 가격에 비해 흡입력 괜찮고요틈새부분 청소하기도 편하고 가벼워서 선반이나 위 부분 청소하기 좋습니다.청소기가 가벼워서 매일청소하게 돼네요.단점은 충전을 오래해야 된다는 점인데 전 매일 충전해 놓고 씁니다.
"32,710",평점3,G마켓,19.12.27.,신일 싹쓸이 SVC-680G,흡입력은 조금 약한편이나 저렴한 가격에 쓸만합니다어차피 책상 지우개가루나 고양이가 흘린 사료정도를 치우기 위해 구매한거라 큰 문제는 없으나 사료가 자꾸 들어갔다가 입구로 흘러 나오네요ㅠ치우고 바로바로 먼지통을 비워줘야하는게 좀 번거롭네요
"32,710",평점3,옥션,20.05.06.,신일 싹쓸이 SVC-680G,간단하게 방 청소 하는 정도로는 괜찮은것 같아요 ㅋㅋ 근데 충전이 ㅋㅋ 충전대는 무게감도 없는 싸구려 플라스틱이라 허벌거려서 손으로 잡고 있어야 되고 꽂는것도 손잡이를 잡고 주둥이쪽을 꽂아서 충전하는거면 편할텐데 주둥이를 잡고 손잡이쪽으로 꽂아야 되는 방식이라 그립감이 영 별로네요
"32,710",평점5,옥션,19.08.21.,신일 싹쓸이 SVC-680G,"신일 핸디 청소기 두번째 구매 한거예요청소기 뿐 아니라 선풍기도 2대 구입해서2년째 잘 쓰고 있어요신일 전기 제품은 어디가나 볼수 있는 인기 있는 제품 이예요전기제품은 모터가 생명인데, 신일제품은 모터가 강력하고 좋읍니다가전 제품은 모터가 생명 이지요앞으로도 더많은 제품을  생산 하시에 소비자의 푹넒은 선택이 가는 하게 해주세요잘 쓰겠읍니다~~??????"
"32,710",평점5,아비소,21.09.01.,신일 싹쓸이 SVC-680G,디자인이 맘에들어 골랐어요. 크기도 딱이고 무겁지도 않아요. 소음도 적당하고 청소시간이 줄었어요!!
"32,710",평점4,아비소,21.12.19.,신일 싹쓸이 SVC-680G,생각보다 좋아요!!충전은 조금 불편
"32,710",평점5,아비소,21.11.25.,신일 싹쓸이 SVC-680G,넓은 흡입구가 없는게 아쉽네요
"32,710",평점4,SYT로드샵,21.07.14.,신일 싹쓸이 SVC-680G,아주편리하게 사용하기에 성능은 좋아요! 그런데 칠 까짐이 너무 심하네요.. 불과 하루 쓰고도 까지기 시작해서 그부분이 조금 불편합니다.
"32,710",평점5,기분좋은날,21.11.09.,신일 싹쓸이 SVC-680G,소음도크지않고 너무 아담하니 이쁘네요~~충전 다되었다는 불이 없어 좀 불편하긴해도 만족합니다~
"32,710",평점5,아비소,21.11.03.,신일 싹쓸이 SVC-680G,조아요 시댁에서 필요하셔서 주문해드림
"32,710",평점3,아비소,21.10.18.,신일 싹쓸이 SVC-680G,가격대비 인거같습니다 배터리는 거의 방전수준이네요
"32,710",평점5,아비소,21.10.12.,신일 싹쓸이 SVC-680G,가볍고 좋네요. 많이 파세요.
"32,710",평점5,아비소,21.10.07.,신일 싹쓸이 SVC-680G,편안하게 잘 쓰고 있어요
"32,710",평점5,G마켓,22.01.03.,신일 싹쓸이 SVC-680G,만족합니다좋아요^^
"32,710",평점5,아비소,21.09.25.,신일 싹쓸이 SVC-680G,사무실 먼지 청소용입니다.머리카락이나 과자 부스러기 정도 흡입 가능해요~
"32,710",평점4,아비소,21.09.21.,신일 싹쓸이 SVC-680G,구매가격은 매우 저렴한 편인데 실제 충전하고 사용하다보면 배터리가 매우 짧음
"32,710",평점5,다사모아,22.01.05.,신일 싹쓸이 SVC-680G,잘받았어요..작동 잘되고 좋습니다
"32,710",평점5,아비소,21.02.04.,신일 싹쓸이 SVC-680G,사용시간도 오래가고 좋습니다^^
"32,710",평점5,아비소,21.09.04.,신일 싹쓸이 SVC-680G,가성비 좋은거 같습니다!!!
"32,710",평점5,인터파크,22.01.02.,신일 싹쓸이 SVC-680G,강력하진않아요 간단히 머리카락 제거하려고샀는데 좋아요
"32,710",평점4,옥션,21.12.21.,신일 싹쓸이 SVC-680G,엄마집에 보내드렸어요.간단하게 쓰기 좋은데 처음이라 그런지 분리하기가 조금 불편하네요.만족합니다.
"32,710",평점3,아비소,21.12.26.,신일 싹쓸이 SVC-680G,전에 쓰던거보다 소음은 적네요.거치대는 놓기가 약간 불편한듯.
"32,710",평점5,아비소,21.09.10.,신일 싹쓸이 SVC-680G,잘받았습니다 빠른배송감사해요~
"32,710",평점5,아비소,21.08.25.,신일 싹쓸이 SVC-680G,흡입력 아주 좋아요
"32,710",평점5,아비소,21.09.09.,신일 싹쓸이 SVC-680G,만족합니다!!!!!
"32,710",평점5,아비소,21.12.20.,신일 싹쓸이 SVC-680G,제품너무좋아요 배송도좋아요
"32,710",평점5,아비소,21.09.10.,신일 싹쓸이 SVC-680G,배송빨라요 감사합니다
"32,710",평점5,옥션,21.12.28.,신일 싹쓸이 SVC-680G,잘받았습니다  ㅡ  근데 너무 뻑뻑하고  분해하기 힘들어요ㅡ
"32,710",평점4,아비소,21.08.10.,신일 싹쓸이 SVC-680G,충전하기가 다소 불편하긴 하지만 가성비 좋아요
"32,710",평점5,아비소,21.08.20.,신일 싹쓸이 SVC-680G,좋아요가성비짠훕압력짱쓸수록만족
"32,710",평점5,아비소,21.08.23.,신일 싹쓸이 SVC-680G,저렴한 가격대비 원만한 구동
"32,710",평점1,G마켓,21.12.29.,신일 싹쓸이 SVC-680G,먼지를 빨아들이지 못함 별로임 머리카락조차 빨아들이지 않음
"32,710",평점5,아비소,21.08.18.,신일 싹쓸이 SVC-680G,간단하게 머리카락이나 쏟은것 청소하기에 좋아요. 방마다 두려고 하나 더 구매했어요
"32,710",평점5,옥션,21.11.30.,신일 싹쓸이 SVC-680G,가격도 적당하고 성능도 좋아요
"32,710",평점5,아비소,21.08.22.,신일 싹쓸이 SVC-680G,기대보다 더 편하고 좋아요
"32,710",평점5,아비소,21.08.12.,신일 싹쓸이 SVC-680G,파워좋은데 저렴하네요!
"32,710",평점5,아비소,21.07.31.,신일 싹쓸이 SVC-680G,모델도 맘에들고 성능도아주아주 짱입니다 추천하고 싶은 상품입니다!
"32,710",평점5,아비소,21.07.28.,신일 싹쓸이 SVC-680G,가성비 갑이네요! 좋아요
"32,710",평점5,옥션,21.11.24.,신일 싹쓸이 SVC-680G,빠른배송감사요
"32,710",평점5,아비소,21.07.10.,신일 싹쓸이 SVC-680G,작은놈이 나름 쓸모가 제법 괜차나요. 가볍게 머리카락. 먼지 급하게 청소용으로 좋으네요
"32,710",평점4,아비소,21.07.27.,신일 싹쓸이 SVC-680G,흡입력이 그렇게 좋은지는 모르겠지만 간단히 그냥 먼지나 머리카락 치우기는 괜찮아요
"32,710",평점5,아비소,21.07.17.,신일 싹쓸이 SVC-680G,배송빠르고 아직 사용은 전이예요대자인도예쁘고 잘될것 같아요
"32,710",평점5,아비소,21.07.21.,신일 싹쓸이 SVC-680G,가게에 하루살이같은 벌레 시체거 많아 구매했어요~ 시체들이 잘 빨려 들어가니 좋네요
"32,710",평점5,아비소,21.07.17.,신일 싹쓸이 SVC-680G,빨아들임도 좋고 역시 신일이네요 만족해요
"32,710",평점5,SYT로드샵,21.08.09.,신일 싹쓸이 SVC-680G,좋아요 가성비좋아요
"32,710",평점5,아비소,21.08.05.,신일 싹쓸이 SVC-680G,튼튼하고 강하고 좋네요
"32,710",평점5,아비소,21.11.18.,신일 싹쓸이 SVC-680G,침대용으로 쓰고있는데 만족그전에도 썼는데 수명이 다하여 다시주문
"32,710",평점3,롯데ON,21.11.18.,신일 싹쓸이 SVC-680G,좋아요 배송도 빠름
"32,710",평점3,아비소,21.07.02.,신일 싹쓸이 SVC-680G,가격 만큼인거 같습니다 ‥충전 거치대가 너무 허접해 보여서 좀걱정이긴 하네요
"32,710",평점5,옥션,21.11.11.,신일 싹쓸이 SVC-680G,갑자기 고장이 나버려서 새로 급하게 구입했네요..좋아하십니다
"32,710",평점5,아비소,21.07.11.,신일 싹쓸이 SVC-680G,세워서 보관과 충전을 동시에 할수 있어서 편리해요간단히 머리카락등 청소하는데 유용해요
"32,710",평점5,아비소,21.07.04.,신일 싹쓸이 SVC-680G,바닥에 머리카락 청소용 사용하던 청소기가 고장나 구매했는데 가격도 저렴하고 좋아요.
"32,710",평점5,기분좋은날,21.11.06.,신일 싹쓸이 SVC-680G,작은사이즈이 치곤 흡입력이 좋아여~
"32,710",평점5,아비소,21.11.04.,신일 싹쓸이 SVC-680G,아주 좋아요 또 구매하겠습니다
"32,710",평점4,G마켓,21.11.10.,신일 싹쓸이 SVC-680G,간단하게 쓸 핸디형청소기찾다가 신일제품이여서 한번 구매해보았습니다..잘써보겠습니다
"32,710",평점4,아비소,21.07.13.,신일 싹쓸이 SVC-680G,휴대성이 좋은 청소기입니다
"32,710",평점5,아비소,21.11.09.,신일 싹쓸이 SVC-680G,빠른배송에 제품좋아요~
"32,710",평점4,아비소,21.07.14.,신일 싹쓸이 SVC-680G,아주 잘 됩니다!!.
"32,710",평점5,옥션,21.10.27.,신일 싹쓸이 SVC-680G,조아요
"32,710",평점4,G마켓,21.10.31.,신일 싹쓸이 SVC-680G,여닫이가 힘든 청소기는 구입한지 1달도 되지 않았는데 고장이 나서 못쓰게 되었다.반품이고 뭐고 다시는 구매하지 않는다.
"32,710",평점5,옥션,21.10.17.,신일 싹쓸이 SVC-680G,간편하게 두고 쓰기 좋습니다. 공간차지 많이 안해서 좋아요.
"32,710",평점5,G마켓,21.10.22.,신일 싹쓸이 SVC-680G,먼지 ㆍ냥이 털ㆍ머리가락등  잘  빨아  드립니다
"32,710",평점4,옥션,21.10.10.,신일 싹쓸이 SVC-680G,"정말 안치고우고 사는 사람인데 덕분에 조금씩 치우면서 사는 재미도 느끼고, 좋습니다!!!헌데 오래는 못습니다.. 충전을 자주 해야하는 수고스러움으로 별하나를 뺏습니다."
"32,710",평점5,아비소,21.06.24.,신일 싹쓸이 SVC-680G,잘쓰고 있어요. 책상에 두니 세로형이라 자리도 덜 차지하고 좋아요.
"32,710",평점4,11번가,21.10.16.,신일 싹쓸이 SVC-680G,"예상한 성능이고, 구석 청소할때 사용하려 합니다. 적당하네요."
"32,710",평점5,아비소,21.10.18.,신일 싹쓸이 SVC-680G,다 좋은데 사용시간이 짧고 충전거티대가 불편하네요
"32,710",평점5,11번가,21.10.14.,신일 싹쓸이 SVC-680G,잘 받았습니다~ 잘되고 소리도 크지않아좋아요
"32,710",평점5,아비소,21.06.07.,신일 싹쓸이 SVC-680G,"흡입력도 괜찮고, 가성비가 최곤거 같네용~^^*"
"32,710",평점5,아비소,21.10.12.,신일 싹쓸이 SVC-680G,자취하시면 꼭 쓰세요좋습니다
"32,710",평점5,아비소,21.10.05.,신일 싹쓸이 SVC-680G,매번 큰청소기 돌리기 힘들어서 작은 게 필요했어요. 힘도 좋고 가성비도 좋아요!! 좋은 가격에 잘 샀습니당 :)
"32,710",평점5,G마켓,21.10.05.,신일 싹쓸이 SVC-680G,가볍고 가성비 좋음충전연결시 잘보고 걸어야하나벽에 걸수도 있고 편한듯합니다
"32,710",평점4,G마켓,21.09.28.,신일 싹쓸이 SVC-680G,디자인이 심플하니 사용하기 편하네요
"32,710",평점5,G마켓,21.10.07.,신일 싹쓸이 SVC-680G,흡입력좋아요소음은 좀 있고요
"32,710",평점5,아비소,21.09.29.,신일 싹쓸이 SVC-680G,거볍고 충전 쉽고 조어요
"32,710",평점4,G마켓,21.09.29.,신일 싹쓸이 SVC-680G,가벼워서 사용시 좋아요
"32,710",평점5,아비소,21.05.05.,신일 싹쓸이 SVC-680G,생가보다는 소음이 크지도 않고 괜찮았어요. 흡입력은 유선청소기보다 못하지만 작업하면서 먼지같은거 간단히 정리할때 좋아요
"32,710",평점5,옥션,21.08.25.,신일 싹쓸이 SVC-680G,완전 대만족입니다~~원룸이라 작아서 그런지 작은게 너무 가볍고 편안하네요잘 쓸께요~~
"32,710",평점5,아비소,21.08.29.,신일 싹쓸이 SVC-680G,배송도넘빠르고  소리도많이크지않아요..머리카락청소때문에주문한건데 만족입니다
"32,710",평점4,옥션,21.08.30.,신일 싹쓸이 SVC-680G,생각보다 흡입력이작아서 별하나빠져요ㅠ 그냥 대충청소할때 좋아요~
"32,710",평점5,아비소,21.05.23.,신일 싹쓸이 SVC-680G,재구매했어요. 세우는형이라 자리 덜차지하고 좋아요.
"32,710",평점3,11번가,21.09.19.,신일 싹쓸이 SVC-680G,충전기가 사용하기 불편하지만 성능은 좋아요.
"32,710",평점5,G마켓,21.09.01.,신일 싹쓸이 SVC-680G,저렴하게 구매했어요~성능 완전 좋아요~
"32,710",평점5,G마켓,21.09.27.,신일 싹쓸이 SVC-680G,세련된 디자인에 성능도 만족합니다
"32,710",평점5,G마켓,21.09.02.,신일 싹쓸이 SVC-680G,기숙사에서  써요 흡입괜찮네요
"32,710",평점3,아비소,20.10.07.,신일 싹쓸이 SVC-680G,주문 및 결제의 편의성입니다.
"32,710",평점5,G마켓,21.09.26.,신일 싹쓸이 SVC-680G,배송빨리 왔어요. 잘쓸꼐요.
"32,710",평점3,아비소,21.09.05.,신일 싹쓸이 SVC-680G,머리카락 줍기 좋아요
"32,710",평점5,아비소,21.08.31.,신일 싹쓸이 SVC-680G,가성비 최고입니다.
"32,710",평점5,아비소,21.10.02.,신일 싹쓸이 SVC-680G,모두게다좋아요배송도좋아요
"32,710",평점5,아비소,21.10.06.,신일 싹쓸이 SVC-680G,좋습니다. 다시 구매의지 있습니다.
"32,710",평점4,G마켓,21.10.07.,신일 싹쓸이 SVC-680G,좋아요 아주좋아요오오옹
"32,710",평점4,롯데ON,21.09.07.,신일 싹쓸이 SVC-680G,"신일svc-680c 무선청소기 지금만3년 쯤 사용했는데, 밧데리 한번 교환하고 처음 구매시보다 사용시간이 길어졌다."
"32,710",평점5,아비소,21.09.20.,신일 싹쓸이 SVC-680G,감사합니다. 잘 사용하겠습니다
"32,710",평점4,아비소,21.09.07.,신일 싹쓸이 SVC-680G,배송빠르고제ㅜㅁ도조아요
"32,710",평점5,옥션,21.08.25.,신일 싹쓸이 SVC-680G,앉아서 주위에 있는 먼지 머리카락 등을 청소할 수 있어서좋아요.
"32,710",평점5,아비소,21.09.14.,신일 싹쓸이 SVC-680G,가볍고 잘 빨려서  머리카락청소에 아주 적당합니다
"32,710",평점5,아비소,21.09.01.,신일 싹쓸이 SVC-680G,차 청소할려고 구입했는데 가격도 저렴하고 좋네요
"32,710",평점5,옥션,21.08.24.,신일 싹쓸이 SVC-680G,간편하게 사용하기 좋아서 청소 잘하고 있어요
"32,710",평점5,G마켓,21.09.03.,신일 싹쓸이 SVC-680G,사이즈는 작지만 성능 좋아요. 5시간충전 15분 사용이라계속 충전하면서 사용해야해요재구매했어요
"32,710",평점5,G마켓,21.08.30.,신일 싹쓸이 SVC-680G,소음은 좀 있지만 흡인력도 좋고 만족합니다
"32,710",평점4,아비소,21.09.11.,신일 싹쓸이 SVC-680G,저럄한 가격에 이정도 성능이면 괜찮네요..
"32,710",평점5,옥션,21.08.23.,신일 싹쓸이 SVC-680G,가격도저렴하게잘샀구요 흡입력도좋아요.
"32,710",평점4,아비소,21.05.07.,신일 싹쓸이 SVC-680G,간편하게 창틀 청소하기에 참 용이하네요
"32,710",평점5,G마켓,21.09.08.,신일 싹쓸이 SVC-680G,이 가격에 이런 상품을 구매할수 있다니.
"32,710",평점3,아비소,21.09.09.,신일 싹쓸이 SVC-680G,무난하게 가격대비 ㄱㅊ은상품
"32,710",평점5,아비소,21.09.02.,신일 싹쓸이 SVC-680G,보만꺼 보다 조용하니 좋네요
"32,710",평점4,옥션,21.08.30.,신일 싹쓸이 SVC-680G,후기보고 주문했는데 조아요
"32,710",평점4,아비소,21.05.07.,신일 싹쓸이 SVC-680G,가볍고 작지만 성능 좋아요~
"32,710",평점3,아비소,21.09.12.,신일 싹쓸이 SVC-680G,흡입력이 약한 것 같아여 ㅜ
"32,710",평점4,SYT로드샵,21.04.23.,신일 싹쓸이 SVC-680G,사이즈 대비 성능 좋아요!
"32,710",평점5,G마켓,21.08.30.,신일 싹쓸이 SVC-680G,싸게 잘 샀어요 감사해요
"32,710",평점5,아비소,21.09.07.,신일 싹쓸이 SVC-680G,너무좋아요 만족합니다
"32,710",평점5,아비소,21.09.23.,신일 싹쓸이 SVC-680G,jfvtrfhbdvtdvh
"32,710",평점5,옥션,21.09.01.,신일 싹쓸이 SVC-680G,물건이 가성비가 좋고 심플하여서 하나 더 구입하였습니다 잘 사용하겠습니다
"32,710",평점3,G마켓,21.08.28.,신일 싹쓸이 SVC-680G,충전시 거꾸로 제작되어서 충전기꼽을때 너무불편합니다.흡입력은보통이구요.일단충전이너무불편해요.
"32,710",평점5,아비소,21.05.01.,신일 싹쓸이 SVC-680G,디자인이 좋아서 구석구석 잘 빨아들임ㅋㅋ
"32,710",평점5,G마켓,21.09.12.,신일 싹쓸이 SVC-680G,사용해보니 슬림하고 편하게 쓸것같아요 ~~빠른배송 감사합니다
"32,710",평점5,G마켓,21.08.03.,신일 싹쓸이 SVC-680G,조그마한게 귀엽고 좋으네요~아이들이 쓰기좋은 지우개가루등 간단한 청소용
"32,710",평점5,옥션,21.09.11.,신일 싹쓸이 SVC-680G,빠른배송ㄱㅅ
"32,710",평점4,아비소,21.08.22.,신일 싹쓸이 SVC-680G,세워서   충전할때 잘 넘어지는단점만 제외하면 성능좋습니다!!
"32,710",평점5,아비소,21.08.21.,신일 싹쓸이 SVC-680G,흡입력은 좀 약한거 같은데.. 가성비는  좋네요..
"32,710",평점4,옥션,21.08.13.,신일 싹쓸이 SVC-680G,흠입력이 조금 약하고 마감처리가 깔끔하지는 못하지만 그런대로 쓸만합니다
"32,710",평점1,G마켓,21.08.23.,신일 싹쓸이 SVC-680G,흡입이 안됩니다.품질 최악이예요.
"32,710",평점5,아비소,21.08.19.,신일 싹쓸이 SVC-680G,"빠른배송 좋은 품질 만족합니다,"
"32,710",평점5,G마켓,21.08.12.,신일 싹쓸이 SVC-680G,쿠폰받아 저렴하게 잘 샀습니다
"32,710",평점4,옥션,21.08.20.,신일 싹쓸이 SVC-680G,배송빠를고 사용하기 무난함
"32,710",평점5,G마켓,21.08.15.,신일 싹쓸이 SVC-680G,사용하기 편하네요 좋아요
"32,710",평점5,아비소,21.09.01.,신일 싹쓸이 SVC-680G,먼디통 비우기가쉬웠어요
"32,710",평점5,아비소,21.05.05.,신일 싹쓸이 SVC-680G,부모님선물입니다~~
"32,710",평점5,아비소,21.08.31.,신일 싹쓸이 SVC-680G,편해요 좋습니다..
"32,710",평점5,옥션,21.08.13.,신일 싹쓸이 SVC-680G,마음에 들어요
"32,710",평점3,옥션,21.08.28.,신일 싹쓸이 SVC-680G,걍 종아요
"32,710",평점5,옥션,21.09.02.,신일 싹쓸이 SVC-680G,잘 사용하고 있습니다. 가성비가 좋은 상품입니다
"32,710",평점4,옥션,21.08.26.,신일 싹쓸이 SVC-680G,배송도 빠르고 좋으나충전할때 끼우는게 불편하네요 ㅠㅠ
"32,710",평점4,SYT로드샵,21.04.10.,신일 싹쓸이 SVC-680G,조그마한 것이 앙증맞네요. 머리카락 등이 많아 방에서 사용하려고 구매했는데 편리하고 좋아요~~~^^
"32,710",평점5,옥션,21.07.29.,신일 싹쓸이 SVC-680G,충전전에 사용해밧으요만족 합니다무선 소형인데소음 그닥 커지도 안고요흡입력도 조아요
"32,710",평점5,아비소,21.07.30.,신일 싹쓸이 SVC-680G,크기는 작은데 비해 성능이 좋네요!! 디자인도 깔금하고 귀여워서 맘에 들어요~!!!
"32,710",평점4,아비소,21.08.21.,신일 싹쓸이 SVC-680G,충전 후 사용 시간이 좀 더 길었으면 하는 아쉬움이 있어요..
"32,710",평점5,SYT로드샵,21.04.16.,신일 싹쓸이 SVC-680G,배송도 빠르고 디자인도 깔끔하고 작아서 마음에 들어요
"32,710",평점4,아비소,21.04.23.,신일 싹쓸이 SVC-680G,며칠을 충전해도 빨간 불 ~ 완충이 안되는 건가요? ~
"32,710",평점4,G마켓,21.08.19.,신일 싹쓸이 SVC-680G,좋은데  생각보다   세진 않네ㅛ?그래도 쓸만해요
"32,710",평점5,G마켓,21.08.05.,신일 싹쓸이 SVC-680G,가볍고 성능도 엄청 좋아여 제방에 재구매 할께여
"32,710",평점5,G마켓,21.08.19.,신일 싹쓸이 SVC-680G,사용전이지만 후기가 좋으니 기대해 봅니다
"32,710",평점5,G마켓,21.08.06.,신일 싹쓸이 SVC-680G,배송도 흡입력 무게 모두 만족 2번째 구매
"32,710",평점1,G마켓,21.08.02.,신일 싹쓸이 SVC-680G,흡입안되고 무겁고 충전시간 너무길어요
"32,710",평점5,아비소,21.08.07.,신일 싹쓸이 SVC-680G,가볍고 간단함니다 흡입력도만족해요^^
"32,710",평점5,아비소,21.08.06.,신일 싹쓸이 SVC-680G,집에서 편리하게 잘 사용하고있습니댜
"32,710",평점4,G마켓,21.08.04.,신일 싹쓸이 SVC-680G,빨리 도착했네요. 작동도 잘 되구요
"32,710",평점4,옥션,21.08.19.,신일 싹쓸이 SVC-680G,충전하는 반침이 너무가벼우네요
"32,710",평점5,인터파크,21.08.12.,신일 싹쓸이 SVC-680G,"배송하시는 분도 친절하시고, 선물용으로 샀는데 받는 분도 좋아하셔요"
"32,710",평점5,아비소,21.08.21.,신일 싹쓸이 SVC-680G,저렴한 맛에 쓰는 청소기신일
"32,710",평점4,옥션,21.08.06.,신일 싹쓸이 SVC-680G,충전 시간이 오래 걸리네요
"32,710",평점5,아비소,21.04.23.,신일 싹쓸이 SVC-680G,빠른배송 및 적당한 세기
"32,710",평점5,옥션,21.08.04.,신일 싹쓸이 SVC-680G,부모님이 좋아하시네요~
"32,710",평점5,G마켓,21.08.06.,신일 싹쓸이 SVC-680G,가격 성능 모두 좋아요
"32,710",평점5,G마켓,21.08.15.,신일 싹쓸이 SVC-680G,재구매로 추가 했어요
"32,710",평점5,아비소,21.08.21.,신일 싹쓸이 SVC-680G,청소용으로 좋습니다
"32,710",평점5,SYT로드샵,21.04.21.,신일 싹쓸이 SVC-680G,잘사용할게요~~~~~
"32,710",평점5,옥션,21.08.16.,신일 싹쓸이 SVC-680G,적당해요^^
"32,710",평점4,옥션,21.08.03.,신일 싹쓸이 SVC-680G,괜찮아요
"32,710",평점5,아비소,21.07.22.,신일 싹쓸이 SVC-680G,간편하고 심플하고 이쁩니다흡입력도 좋네요
"32,710",평점5,아비소,21.07.20.,신일 싹쓸이 SVC-680G,디자인 이쁘고 성는 좋아요.와이프가 좋아해요.
"32,710",평점2,옥션,21.07.13.,신일 싹쓸이 SVC-680G,힘 약해서 잘 안빨아들려지고 충전 단자가 너무 조잡합니다 비추에요만원 더 쓰고 삼성 살걸 그랬어요
"29,900",평점5,G마켓,21.10.04.,신일전자 SVC-1316R,빠른배송 좋아요 감사합니당
"29,900",평점4,홈앤쇼핑,21.10.01.,신일전자 SVC-1316R,간단하게 쓰기에 괜찮습니다
"29,900",평점4,11번가,21.10.02.,신일전자 SVC-1316R,성능 좋고 소음 개찬습니다
"29,900",평점5,홈앤쇼핑,21.09.30.,신일전자 SVC-1316R,계속 복용하고있습니다
"29,900",평점5,옥션,21.10.07.,신일전자 SVC-1316R,짱입니다요 너무좋음
"29,900",평점5,홈앤쇼핑,21.09.04.,신일전자 SVC-1316R,모양이뿌고 가벼워서 좋아요~흡입력도 이가격에 적당한것같아요~
"29,900",평점4,11번가,21.09.05.,신일전자 SVC-1316R,청소기가 작지만   자동차 시트청소할때 아주 좋습니다 만족합니다
"29,900",평점5,옥션,21.09.29.,신일전자 SVC-1316R,선물 받는분 흡입력 좋고좋다고 하네요~~^^빠른배송 감사합니다 ~
"29,900",평점5,G마켓,21.09.23.,신일전자 SVC-1316R,배송도 빠르고 사이즈도 작아서 손쉽게 사용할 수 있어요. 좋내요. 가격대비 훌륭합니다
"29,900",평점5,G마켓,21.09.18.,신일전자 SVC-1316R,4월에구입한미니청소기는벌써약해져서3분도청소가안되네요.요번엔신일꺼로구입해봤어요.신일꺼는모터가좋잖아요.오래같이지냈으면합니다.
"29,900",평점4,G마켓,21.09.22.,신일전자 SVC-1316R,저렴하게 쿠폰사용해 샀네요 좋은데 충전할때가 한번에끼우기 힘들어 불편하네요 그거먄고는 좋아요
"29,900",평점5,피닉스,21.11.19.,신일전자 SVC-1316R,조아요조아요조아요조아요
"29,900",평점5,옥션,21.09.18.,신일전자 SVC-1316R,벽에걸수도있어좋구요 흡입력도좋아요모터는 역시 신일이죠
"29,900",평점5,G마켓,21.09.24.,신일전자 SVC-1316R,새장앞에 튄모이 청소 하려고 구입했어요.너무 좋네요
"29,900",평점5,11번가,21.09.16.,신일전자 SVC-1316R,방에서 쓰기 너무 좋아요 강력하고 청소 잘되어요~~^^
"29,900",평점4,옥션,21.09.18.,신일전자 SVC-1316R,밧데리 용량이 작아서 5분 사용하기도 어렵네요.
"29,900",평점5,옥션,21.09.25.,신일전자 SVC-1316R,어머님 선물해주셨는데 좋아하시네요.
"29,900",평점5,옥션,21.09.27.,신일전자 SVC-1316R,좋은제품 빠른배송 감사드립니다
"29,900",평점5,옥션,21.08.27.,신일전자 SVC-1316R,소음도 덜하고 좋네요 잘쓸께요
"29,900",평점5,11번가,21.09.24.,신일전자 SVC-1316R,가성비 짱이에요. 감사합니다^^
"29,900",평점1,11번가,21.11.04.,신일전자 SVC-1316R,장점은 신일이라서 흡입력 짱!! 잘 빨아들이네요단점은 안에 모인 먼지를 버리려고 뚜껑열면 필터에 묻은 먼지가 그대로 바닥에 떨어집니다. 필터바느질도 간격이 크고 간격사이를 통해 본체속으로 먼지들어가서 금방고장날거 같아요. 초록불들어오면 완충이라는데 24시간 껴놔도 계속 빨간불이네요. 사용시간도 체감상 훨씬 짧고요 머리카락 빨아들이는 용으로 쓰긴 적합할듯 싶어요
"29,900",평점5,11번가,21.11.08.,신일전자 SVC-1316R,"흡입력이 강력합니다자잘한 먼지, 머리카락등에 쓰려고 세번째 핸디형으로 구매중입니다앞선 두번의 타사 제품과 비교하면모양과 무게등은 대동소이합니다온오프 스위치는 회사별 조금씩 다르고필터, 배터리도 대동소이합니다흡입력은 강하네요악세사리로 뾰족한 주둥이를 주는것도 좋아요충전도 접촉식이라서 불량이 적을거 같습니다"
"29,900",평점3,GSSHOP,20.11.05.,신일전자 SVC-1316R,"넓지 않은 공간, 방이나 차량 내부 등 청소를 간편하게 하고 싶은 생각에 핸디형 무선 청소기를 구입했습니다. 일단 디자인은 콤팩트하고 색도 화사해서 눈에 쏙 들어오기는 하는데요, 무선 청소기의 생명인 흡입력이 아쉽습니다. 장시간 충전하고 사용해도 방바닥에 떨어진 먼지나 머리카락 정도는 흡입 가능하지만, 일반 청소기의 흡입력과는 비교 대상이 안되는 것 같습니다. 그리고 먼지를 집진하는 거름망인 줄 알았던 부분(흰색 거름망)이 모터에 미세 먼지가 들어가지 않게 하는 필터였네요. 주둥이에서 상품 이미"
"29,900",평점5,11번가,21.11.20.,신일전자 SVC-1316R,간편하게 쓸수있는 핸디형 청소기 필요해서 구매했는데 만족스러워요 그전에 쓰던건 진짜 얼마안되서 흡입력이 거의 없다시피 되서 ㅠㅠ 이번제품은 꽤 오래 써보고 리뷰쓰네요 첨 샀을때랑 똑같이 잘되고 간편하고 넘 좋아요 흡입구가 납작하고 조그매서 좁은틈도 잘 청소할수있네요 ㅎㅎㅎ 만족입니다~~~
"29,900",평점5,현대Hmall,21.08.01.,신일전자 SVC-1316R,배송전 주문취소했는데주말지나고 월요일 바로 배송메세지옴~ 갑자기 멘붕~!!그냥 쓰기로함ㅠㅠ박스가 조금 찌그러져서옴~상품은 괜찮음..충전이 불편함 거치대 고정시엔 혹시 충전선 빠지면거치대 해체후 꼽아줘야함~그래서 그냥 쓰기로함~!
"29,900",평점4,11번가,21.05.04.,신일전자 SVC-1316R,"● 장점 : 잘 흡수됨 / 3년전쯤에 아버님 사드렸을때 전체적으로 괜찮은것 같아 기존꺼는 폐기처분하고 나도 구매함 / 충전시 거치대는 벽걸이형으로 벽에 걸어놓고 사용하면 됨(전 못질하기 싫어 그냥 사용중)..● 단점 : 소형치곤 소음 큰 편 /  공기 순환해주는 곳에서는 흡입력 만큼이나 바람이세게 나와서 눈에 잘 안보이는 미세 먼지 나오는것같아 신경쓰임 /  충전 램프의 점등은 ""충전중""과 ""만충상태""가 구분없이 램프가 처음부터 만충까지 변화없이 계속 켜져있어서 처음 물품 충전시에는 답답했었음 / ""충전중"" ""만충상태""가 구분 없기도 하고, 신경쓰고 싶지않아 요근래는 계속 충전 상태로 놓고 사용중임."
"29,900",평점3,위메프,20.12.03.,신일전자 SVC-1316R,"충전시간은 길지만 작동시간은 역시나 짧군요. 한 6분 안되서 꺼지는것 같아요.근데 핸디형 무선청소기들이 대체로 그런것 같더라구요.필터 물로 헹군뒤에 말리면 된다고 써있는데, 조심하세요.그러고나면 필터가 이상하게 종이같이 건조되어져있어요. 그래서 정말 무슨 한지마냥 쉽게 찢어져요.그부분을 조심하셔야될것 같아요. 그래서 저는 필터만 구매하려고 이사이트 저사이트 다 들어가보는중인데 필터만 구입하는게 생각보다 안나와있네요."
"29,900",평점5,G마켓,19.08.28.,신일전자 SVC-1316R,무선미니청소기는 신일이 제일 좋더라구요. 전에 쓰던거5년정도 밧데리가 안되어서 버렸어요. 없으니불편함~머리카락 작은먼지정도로 사용하는거라서 오랜만에구매함. 역시 괜찮아요.디자인도 무게량도 여러모로 괜찮은데요~같은디자인 은색도 있던데 안이 보이지않는겁니다. 이거랑 같은제품인듯 싶은데 가격차이가 납니다. 약간은 리퍼브같은 느낌이 듬??기스도 약간있고 또 안에 필터보면 일부분만 삐딱하게 붙여져있어요.사용하는데는 이상이없어서 씁니다.다음엔 박스그대로보내지말고 겉에 뽁뽁이한번싸주면좋겠어요. 다행히 안전하게 왔지만요. 오래쓰길바라며 95%정도 마음에 듭니다. 틈새기구를 끼울수있게 잘만든것같아요
"29,900",평점1,옥션,20.11.12.,신일전자 SVC-1316R,제품은 받았지만. 사용시간이 10시간 충전해서 7분 사용하는것인데요. 문제는 충전중 빨강불이...언제 완충된것인지 알수가 없습니다. 계속 빨강불. 신일이름 믿고 구매했는데.. 제조사는 중국으로 첨보는 회사. 국내 수입업자는 또 다른 잘 모르는 회사. 판매만 신일이 하는거네요.  거치대는 엄청 허접하고. 벽에 고정안되면 세워두기도 흔들려서 어렵습니다. 저렴해서 그냥 몇번 사용해봐야겠네요.
"29,900",평점1,G마켓,20.08.25.,신일전자 SVC-1316R,매번 9시간씩 충전하고 10분 정도 쓸수 있대요~~사기전에 이런건 크게 안써잇어서 모르셨쥬?  가격이 싸다고 아무거나 덥석 사면 안되요~~ 소형청소기 안써본 사람도 아니고소형이면 저정도 가격 물론 싸긴 하지만싸다구 쓰레기 사면 안되자나요돈 쬐끔 더주고 좋은거 사세요여기 상품평 좋다고 쓴 분들은 9시간 충전하고 10분씩 청소하는거에 만족하시나 보네요전 더 불량이 왔는지 3분도 안돌아가네요화가 나지만 이미 꺼내서 썻으니쓰레기같은 물건 못알아보고 산 내눈을 탓하겠습니다 안녕히...
"29,900",평점1,G마켓,20.12.01.,신일전자 SVC-1316R,살다살다 이런 쓰레기를 돈을 주고 샀다는게 너무 화가나서 리뷰를 작성하네요.이걸 구매하실분은 우선 제품 스펙에 *8시간충전 8분사용*이라는 문구를 잘 보셔야 합니다.심지어 8시간 80시간 800시간을 충전해도 3분정도 사용하시면 흡입력이 어마머마하게 떨어집니다.작은 방 머리카락 청소하려고 싼걸 샀던 제가 x신입니다.이걸 구매하려고 고민중이신 분들은 x신이 되지말길 바랍니다.
"29,900",평점1,옥션,20.10.06.,신일전자 SVC-1316R,흡입력이 조금 약하지만견고하고 사용이 편함가정용 차량용 겸용 가능(2달 후)갑자기 충전이 안되네요.몇대 때리면 윙윙거리다가 멈췄다가 하는데 내부 접촉불량 부분이 있는듯해요.가끔 상태가 정상으로돌아오면 살살 중전해보고 있습니다.내부접촉불량 1년 이내 as  무상인걸로 아는데 계속 이런 상태가 지속되면 맡겨야할것같아요서비스맡겨야할듯ㅠㅜ
"29,900",평점5,G마켓,20.08.07.,신일전자 SVC-1316R,작고 가볍습니다 디자인도 넘 예뻐요흡입구 부분이 어찌 생겼는지 자세히 보고 싶었는데사진이 없어서 아쉬웠어요그래서 제가 찍었지요입구 부분이 저래서 더 잘 빨아들이는것 같아요틈새 청소하는 부속품 끼우면 창문틈이나 좁은틈청소할때 진짜 대박이예요오랫동안 알아보고 이것저것 비교해보고 샀는데진짜 후회 없이 좋습니다많이 파세요^^
"29,900",평점5,11번가,20.09.06.,신일전자 SVC-1316R,"방에서 머리카락 치우는 용도로 샀는데, 용도에 딱 맞는 청소기인 거 같아요. 유선 청소기처럼 강력한 흡입력 이런 건 아니에요. 딱 작은 방 청소하기 좋은 정도! 소음은 그닥 심하지는 않고, 무게가 가볍고, 크기는 작고 귀여워요..."
"29,900",평점5,G마켓,20.08.20.,신일전자 SVC-1316R,흡입력좋아요디자인이나  스위치 작동이 편리합니다.단점은  세웠다가 사용할려고  흡입구를 바닥에 대면 안에 모아둔  흡입되었던 쓰레귀가 쏟아짐 ㅡㅡ다 쏟아지는게  아니라  각도 맞음  직빵  쏟아진단 말이죠  통발  뭐 그런 원리입니다.사용편하고 나름 좋아요.
"29,900",평점4,위메프,20.07.31.,신일전자 SVC-1316R,핸디형 청소기로는 제일 편한것 같아 이집저집 소개하며 쭉 사용해 와서  이상품으로 구매하게 되었는데  포장상태는....이건 아니라고 봅니다  상품상자에 바로 송장붙여서 보내는건....그상자는 상품을 위한상자지 배송을 위한건 아니잖아요...선물할수도 있는건데......
"29,900",평점4,위메프,20.07.20.,신일전자 SVC-1316R,소리도 너무 요란스럽지않고 그냥 딱 청소기소리정도고...흡입력좋고 생각보다 무겁지도않아서 돌쟁이도들고 청소잘할 수 있네요 ㅋㅋ좀 아쉬운점은  청소기를끄고 들고있으면 흡입구로 흡입했던 먼지들이 다시나와서 꼭 반드시 청소걸이에 바로 걸어놔야하네요;;;
"29,900",평점4,옥션,20.09.19.,신일전자 SVC-1316R,거치대가 너무 저렴해보여서ㅋㅋㅋㅋㅋ벽에 박는 용으로 나온듯...바닥에 놓고 쓰려니 좀 애매하긴 하네요필터도 글코... 뭐 저렴이로 지우개똥이나 머리카락 정도는 무난합니다. 그래도 신일이니깐~전에도 신일이었는데 맘에 들어서 근 10년 쓰다 배터리 수명 다 돼서 새걸로 갈아타네요.. 잘 쓰겠습니다~
"29,900",평점3,G마켓,20.02.15.,신일전자 SVC-1316R,가격대가 그리 비싸지않다보니 흡입력도 높은건 아니예요 ㅎㅎ단지 주변에 지저분한 머리카락이나 먼지정도 치우려고 산 용도이니 적당한것 같습니다. 다만 빨아들이는 입구쪽이 길고 납작해서 청소가 용이하네요. 좀더 할인이 되었더라면 만족도가 높았을텐데....^^
"29,900",평점5,11번가,20.04.12.,신일전자 SVC-1316R,국산제품이고작은 방 또는 자동차 깨끗하게 청소하는데 강추합니다.  전 오른손잡이여서 오른손으로 잡으면 편한데  왼손으로는 스위치가 잘 눌러지지 않네요.바닥과 부딪히늣 부분을 좀 부드럽게  하면 좋을텐데 그러면 틈세청소기 사용하는데 문제있나해서 했겠지 생각합니다. 가성비 좋고 만족합니다
"29,900",평점5,옥션,20.03.02.,신일전자 SVC-1316R,배송 빠르게 잘 받았습니다. 그런데 원래 박스 외에 포장이 안되어 있어 파손이나 부속 소실 등의 위험이 있어 보여요.다행히 제품 훼손 없이 잘 받긴 했어요.제품은 이전에 써보다가 재구매 한거라서..소음은 좀 있어도 흡입력은  좋아서 만족스럽습니다.
"29,900",평점3,옥션,20.02.27.,신일전자 SVC-1316R,친정집에서  머리카락이나 간단히 먼지 청소하라고 보내드린건데 입구가 깨진게 왔네요 교환 신청했다가 배송기간 오래걸린다고 그냥 쓰신다고해서 구매결정하지만 사는 사람 입장에선 좋지만은 않네요 판매자분이 이 사진을  봤으면 좋겠네요
"29,900",평점5,옥션,20.07.14.,신일전자 SVC-1316R,좋아요 아주 좋아요!!!가격만족도/성능/사용편의성 등 : 저렴한 가격으로 구입할수 있는데다가 뛰어난 성능을 가지고 있고 사용하기 참 편리하다!!~상태/배송 : 야무지게 포장 되어서 주문한 다음날 도착 했어요!!~그 외 도움이 될 만한 사용후기 : 착한가격 좋은품질 빠른배송 적극 추천 합니다!!~
"29,900",평점5,옥션,20.02.27.,신일전자 SVC-1316R,소음이 적고 힘도 나쁘지 않네요. 디자인도 훌륭하고 기능적인 면에서나 디자인 그리고 디테일에서 나름 완성도가 있는 제품 같습니다. 외국 브렌드에 실망했다가 역시 브랜드는 국산이구나 하는 것을 다시 확인 했습니다. 요즘에는 국산이 제일 좋은 것 같습니다.
"29,900",평점4,G마켓,20.01.21.,신일전자 SVC-1316R,흡입력이 강하진 않아요 충전시간도 길고 서브청소기로 작은 머리카락 먼지제거용도로는 괜찮아요신일이라 믿을수있고 제품도 상당히 가볍습니다이가격대에 메인용으로 쓰시는분은 없겠지만메인청소기 말고 간단한 서브용으로 좋습니다
"29,900",평점5,옥션,19.04.14.,신일전자 SVC-1316R,집에 큰 청소기는 있는데..잠깐잠깐 사용할 소형 청소기가 필요해서 주문했습니다.이것저것 별도 구성없고 필요한 것만 있어서 넘 좋구요..성능도 이 정도면 맘에 듭니다..소음도 그리 크지 않구요~(제발 1년만이라도 무사히 사용했으면 좋겠네요^^)
"29,900",평점1,11번가,19.05.29.,신일전자 SVC-1316R,간단리뷰라도 작성해야겠다 싶다. 이 제품 사용하고 나서 안 적을 수 없다. 흡입시 미세먼지가 필터를 통과해서 그대로 전원부에 모두 부착되고 배출구 주위도 모두 먼지로 뒤덮임. 청소기 맞나???? 이것 정말??? 청소하고 나서 청소기 다시 청소해야 하는 것도 청소기인가???? 다시 만들어요 신일 사장님.. 소비자의 사용성을 전혀 고려하지 않는 것이네.
"29,900",평점4,11번가,19.01.15.,신일전자 SVC-1316R,"제품은 핸디 청소기답게 한손으로 쥐면 딱 맞을 만큼 콤팩트하고, 청소기치고는 디자인도 세련되고 색감도 훌륭합니다. 여러가지 만족스러운 편이지만, 충전기 받침이 그리 견고하지 못한 점 등이 마음에 좀 걸립니다. 가성비는 좋다고 봐야 하겠지요. 믿을 수 있는 신일 브랜드니까요."
"29,900",평점4,GSSHOP,19.03.13.,신일전자 SVC-1316R,전자제품 타 삼성.엘지 보다 여러가지 인지도는 다소 떨어지는 신일 이지만  사용하는데 만족합니다모터 부분은 신일이 오랜 노하우가 있으니  걱정없이 잘사용하고 있답니다좋은 제품인듯 하니 혹여 고민하시는분이 계시다면 구입을 추천합니다.감사합니다
"29,900",평점4,G마켓,19.02.12.,신일전자 SVC-1316R,"제품 구매후 설연휴 다음날이라 배송이 조금지연 되었지만, 잘 받아봤습니다.구매해서 어머니댁에 보내 드렸는데,아직 개봉전이지만, 조만간 어머니댁가서충전방법이나 사용방법 설명해드리려 합니다.가성비 잘 구매한것 같구요~감사히 잘 사용하겠습니다♡"
"29,900",평점4,옥션,19.03.27.,신일전자 SVC-1316R,상품디자인과 가격 괜찮아 주문 했는데 상품평에 충전 소모가  빨라 자주 충전해야 한다고 해서 좀 신경 쓰이지만  일단  사용해봐야알듯ㆍ배송이 넘 느려서  좀 별론것 같아요ㆍ택배 아저씨 영수증 주지 않고 가니 확인도 안되고 좀 불편해요ㆍ다음에는 좀더 신속한배송  부탁  드려요ㆍ
"29,900",평점5,피닉스,21.12.12.,신일전자 SVC-1316R,작고 가볍고 색상도 이뻐요.머리감고 나면 머리카락이 많이 빠져서 화장지로 훔치고 나서도 여기저기 돌아다니는데 사용해요.연결부분이 납작해서 서랍아래나 침대아래도 다 되니 편해요.
"29,900",평점5,피닉스,21.12.30.,신일전자 SVC-1316R,배송빠르고  포장좋고상품 너무 좋고가성비  굿 굿
"29,900",평점4,피닉스,21.12.07.,신일전자 SVC-1316R,사용해보니 좋아요.흡인력도 괜찮고 소음도 적당해요
"29,900",평점5,피닉스,21.12.25.,신일전자 SVC-1316R,편리하고 좋아요 차 청소하기도 좋을것같아요~
"29,900",평점5,피닉스,21.12.02.,신일전자 SVC-1316R,디자인도 이쁘고 흡입력이 좋아요
"29,900",평점4,피닉스,21.12.09.,신일전자 SVC-1316R,잘 받았습니다 잘 쓸게요
"29,900",평점5,피닉스,21.12.17.,신일전자 SVC-1316R,가성비진짜좋아요ㅎㅎ
"29,900",평점4,피닉스,21.11.15.,신일전자 SVC-1316R,저의 기대보다 흡입력이 세진않아요. 충전거치대가 있어 구석에 수납하기도 좋고 예전엔 차안에 청소할때는선이 있는 청소기여서 아주 불편했는데 무선이라 아주편합니다. 찌꺼기 통 비우기도 편합니다.
"29,900",평점5,피닉스,21.11.16.,신일전자 SVC-1316R,가볍구 사용하기아주 편합니다.흡입력두  좋아요~^^
"29,900",평점5,피닉스,21.11.13.,신일전자 SVC-1316R,"성능도 좋고, 가성비 최강인 제품~^^*"
"29,900",평점5,피닉스,21.11.03.,신일전자 SVC-1316R,방에서 머리카락이 많이 빠져서 사용하려고 구입했는데 작고 이쁘고 쓰기 편리해요.
"29,900",평점5,피닉스,21.11.17.,신일전자 SVC-1316R,"아직 사용전이지만, 신일이니까 믿고 쓰겠습니다. 가격도 저렴합니다. 잘 쓰겠습니다. 번창하세요."
"29,900",평점5,피닉스,21.11.05.,신일전자 SVC-1316R,가격대비 만족합니다.생각보다 더 아담해서 맘에 드네요.
"29,900",평점5,롯데ON,21.06.25.,신일전자 SVC-1316R,충전 케이블 목 부분이 많이 구부러져서 왔는데 포장시 그것만 좀 보완하셨으면 합니다 색상 맘에 들고 좁은 곳도 흡입청소 할수 있는 노즐과 충전 거치대 등등 좋아요
"29,900",평점5,피닉스,21.11.05.,신일전자 SVC-1316R,"차량겸용으로도 하나 더 구매했는데,크기 아담하고 성능 만족합니다.자취방, 차량용 가성비템으로 추천합니다."
"29,900",평점5,피닉스,21.10.25.,신일전자 SVC-1316R,작지만  강한흡입력이라  핸디형청소기로 아주좋습니다  가벼워서 자주사용하게되요
"29,900",평점5,현대Hmall,21.12.30.,신일전자 SVC-1316R,빠른 배송이 마음에 듭니다. 비슷한 타사 모델과 비교해서  흡입력이 더 좋아서 구매했는데~ 잘한 선택인것 같아요. 잘 쓸께요
"29,900",평점5,피닉스,21.10.20.,신일전자 SVC-1316R,엄마 사드렸는데 저 입구가 넓어서 좋다고 하시네용
"29,900",평점5,피닉스,21.10.09.,신일전자 SVC-1316R,충전후 처음사용 간편하게  사용하기 좋아요.
"29,900",평점4,홈앤쇼핑,22.01.06.,신일전자 SVC-1316R,흡입도 좋고 대체적으로 만족합니다단점이라면 완충하고도 청소하면 오래 못간다는점이 조금 아쉽습니다
"29,900",평점5,G마켓,22.01.06.,신일전자 SVC-1316R,디쟌  성능 배송  완전대만족기능도간편 크기도 적당
"29,900",평점5,GSSHOP,21.09.16.,신일전자 SVC-1316R,휴대용인데도 흡입력도 좋고 아주 좋아용
"29,900",평점5,옥션,22.01.06.,신일전자 SVC-1316R,잘받았습니다. 힘도 쎄고 예쁘네요^^
"29,900",평점4,GSSHOP,22.01.08.,신일전자 SVC-1316R,가격 대비 잘쓰고있어요
"29,900",평점4,G마켓,22.01.04.,신일전자 SVC-1316R,잘받았습니다 좋아요
"29,900",평점3,GSSHOP,21.09.11.,신일전자 SVC-1316R,먼지 흡입은 잘되는데 넘 시끄러워요 충전하기도 좀 불편해요
"29,900",평점4,피닉스,22.01.06.,신일전자 SVC-1316R,가편하게 쓱쓱 아쉬운건  사용시간이 다소좀 짭다는거
"29,900",평점1,CJ온스타일,21.12.22.,신일전자 SVC-1316R,흡입력이 별로예요.충전하기 아주아주 불편합니다구매하고 사용하지 않아요
"29,900",평점4,롯데홈쇼핑,22.01.03.,신일전자 SVC-1316R,신일인데 흡입력이 좀 떨어지네요
"29,900",평점5,피닉스,21.12.07.,신일전자 SVC-1316R,가격대비 모터힘이 아주좋아요
"29,900",평점5,옥션,21.12.21.,신일전자 SVC-1316R,좋은상품 이네요  번창하세요~
"29,900",평점5,G마켓,21.12.31.,신일전자 SVC-1316R,강추요 가성비 대비 갑입니다
"29,900",평점4,옥션,21.12.18.,신일전자 SVC-1316R,잘 샤용하고있어요좋아요
"29,900",평점5,옥션,21.12.26.,신일전자 SVC-1316R,사용하기 편해요..
"29,900",평점5,옥션,21.12.23.,신일전자 SVC-1316R,어르신들이 쓰기는 좋으나 충전어댑터 꼿는 부위를 찾기 어려워 하시내요 설명 보강좀 브탁드림니다
"29,900",평점5,피닉스,21.12.20.,신일전자 SVC-1316R,배터리 약해지면 늘 다시 사서 쓰는거에요 이거없이 못살아요 너무 편하고좋음!!!
"29,900",평점2,11번가,21.12.21.,신일전자 SVC-1316R,충전은 오래해야 하고 쓸수 있는건 얼마 못 써요.
"29,900",평점4,G마켓,21.12.07.,신일전자 SVC-1316R,아직까진 힘도쎄고 좋네요잘쓰고있어요
"29,900",평점4,홈앤쇼핑,21.12.25.,신일전자 SVC-1316R,아들 기숙시용으로 샀는데  만족.
"29,900",평점4,11번가,21.12.07.,신일전자 SVC-1316R,소음은 좀 있으나 성능은 좋네요
"29,900",평점3,G마켓,21.12.08.,신일전자 SVC-1316R,청소하기 간편하고 좋아요....
"29,900",평점4,GSSHOP,21.12.14.,신일전자 SVC-1316R,잘쓰고있어요. 감사합니다
"29,900",평점5,홈앤쇼핑,21.11.29.,신일전자 SVC-1316R,가격대비 성능 좋아요
"29,900",평점4,홈앤쇼핑,21.12.11.,신일전자 SVC-1316R,손잡이가불편해요
"29,900",평점5,옥션,21.12.06.,신일전자 SVC-1316R,성능 배송 모두 굿
"29,900",평점4,11번가,21.12.20.,신일전자 SVC-1316R,가벼워요
"29,900",평점4,CJ온스타일,21.08.25.,신일전자 SVC-1316R,엄마가  간단하게  쓰시기편하다고.가법다고 하세요  
"29,900",평점5,11번가,21.12.03.,신일전자 SVC-1316R,너무좋아서 하나더주문했어요성능좋아요
"29,900",평점5,피닉스,21.12.03.,신일전자 SVC-1316R,제품 아주 좋습니다.모터 소음도 적당하고 흡입력도 좋습니다
"29,900",평점4,하이마트쇼핑몰,21.08.04.,신일전자 SVC-1316R,생각보다 좀 작긴한데 흡입력은 좋아요
"29,900",평점5,G마켓,21.11.28.,신일전자 SVC-1316R,청소기 세고 너무좋아용~~~~~~~~~~~~~~~~~~
"29,900",평점5,옥션,21.12.11.,신일전자 SVC-1316R,사용해 봤는데 이상 없는것 같음.
"29,900",평점5,11번가,21.11.28.,신일전자 SVC-1316R,가볍고혼자사용이좋아요.
"29,900",평점3,11번가,21.12.11.,신일전자 SVC-1316R,한 일주일 걸린듯?
"29,900",평점5,피닉스,21.12.21.,신일전자 SVC-1316R,편해서 너무조아요 편해서  너무조아요
"29,900",평점5,피닉스,21.12.24.,신일전자 SVC-1316R,만족합니다 만족합니다 만족합니다
"29,900",평점5,피닉스,21.12.01.,신일전자 SVC-1316R,가볍고  잠깐잠깐 부스러기  치울때 좋아요
"29,900",평점4,옥션,21.12.15.,신일전자 SVC-1316R,배송 빠르고 잘받았어요 ㅎㅎ그냥 쓸만해요
"29,900",평점5,G마켓,21.11.25.,신일전자 SVC-1316R,사실 기대 반 걱정 반 이었는데 와우~엄청 쎄요 전에 필**핸디 보다 훨씬 만족하네요 배송도 만족하고 손잡이도 편하고 사이즈도 딱! 가성비 짱입니다 역시 모터는 신일이네요.
"29,900",평점5,옥션,21.11.25.,신일전자 SVC-1316R,배송도 빠르고색상도 레드에  조그만해도  흡인력도 괜찮아요소음도 그리 안커요
"29,900",평점3,11번가,21.11.25.,신일전자 SVC-1316R,충전이 거꾸로 장착되어야해서 불편함흡입력도 생각보다 약함경량이라 좋음
"29,900",평점5,G마켓,21.11.24.,신일전자 SVC-1316R,좋은물건으로 주변에 자주 홍보합니다감사해요
"29,900",평점5,옥션,21.12.02.,신일전자 SVC-1316R,아직 사용전이지만  믿고  구매결정!
"29,900",평점4,GSSHOP,21.11.25.,신일전자 SVC-1316R,후기 이상 성능 좋으네요~
"29,900",평점4,옥션,21.12.04.,신일전자 SVC-1316R,고정대가 허접해요 ㅠㅠ
"29,900",평점4,GSSHOP,21.11.25.,신일전자 SVC-1316R,가격 품질 디자인 굿
"29,900",평점5,G마켓,21.11.23.,신일전자 SVC-1316R,가성비 굿 입니다.소음도 그닥 크지 않고방바작에 머리카락 과자 부스러기 잘 빨아들이네요.중간중간 간단한 청소하기 참 좋아요.잘쓸게요.
"29,900",평점5,G마켓,21.11.23.,신일전자 SVC-1316R,아이들 쓰라구 가볍게 샀어요 세지는 않아도 만족합니다 이정도 가격에 굿
"29,900",평점4,옥션,21.11.16.,신일전자 SVC-1316R,적당한 흡입력 좋네요~ 충전하는 거치대가 고정하지 않으면 영불편하네요~그냥 통에 꽂아서 충전되는 식이 더 좋을듯 싶어요
"29,900",평점3,G마켓,21.11.16.,신일전자 SVC-1316R,완충하고 7분사용하면 꺼진다는 걸 알면 다른 걸 샀을거에요
"29,900",평점5,11번가,21.11.19.,신일전자 SVC-1316R,신일제품 고장율이 적어서 사용해봅니다 아주조아요
"29,900",평점5,피닉스,21.11.16.,신일전자 SVC-1316R,휴대하기가 편리해서 넘 좋습니다~~~~~~~~~~~`
"29,900",평점5,GSSHOP,21.11.17.,신일전자 SVC-1316R,두번째 구매입니다흡입력 좋아요
"29,900",평점5,옥션,21.11.21.,신일전자 SVC-1316R,배송도 빠르고 상품도 좋습니다
"29,900",평점5,G마켓,21.11.17.,신일전자 SVC-1316R,아직 사용전이지만 이쁘네요
"29,900",평점4,옥션,21.11.05.,신일전자 SVC-1316R,받자마자 충전이 약했어 충전을 하려는데 꽂는곳찿다가 간신히찿아 충전시킴 20시간이나...낼 저녁에나 청소 흡입이 잘되는지는 봐야겠네요약간 기스가있으나 귀찮아 그냥 쓰렵니다수고하세요.^^
"29,900",평점4,옥션,21.11.21.,신일전자 SVC-1316R,쓰기가 정말 좋아요~.
"29,900",평점5,홈앤쇼핑,21.11.16.,신일전자 SVC-1316R,이쁘고 좋아요
"29,900",평점3,11번가,21.11.23.,신일전자 SVC-1316R,기존에 쓰던 핸드청소기보다 흡입력이 조금 약하네요~  흡입력빼곤 괜찮아요~
"29,900",평점5,G마켓,21.11.16.,신일전자 SVC-1316R,아들 방 청소하라고 구매 해 주었네요.청소기 좋습니다.
"29,900",평점5,피닉스,21.11.09.,신일전자 SVC-1316R,늘 싸서 쓰는건데 정말 너무너무 좋아요. 다만 2년에 한번정도 새로 사야하긴하지만 이만큼 흡입력 좋고 앞에 뾰족하게 틈새청소하는거 끼워서쓰면 진짜 청소잘돼요!!
"29,900",평점1,GSSHOP,21.11.17.,신일전자 SVC-1316R,8~12시간 충전에 사용시간7분?이미 사용해서 반품도 못하고ㅠㅠ?
"29,900",평점5,G마켓,21.11.02.,신일전자 SVC-1316R,재구매 했는데  안내용물이 뜯은 흔적있고요레벨도 전엣 거와네요 선물줄려고 산는데 기분이 영안좋아요전화는 부재고요
"29,900",평점4,옥션,21.11.06.,신일전자 SVC-1316R,흡입력좋고 거치대가 있어서 자리 차지도 안하고너무 맘에 들어요 ~^^
"29,900",평점4,옥션,21.11.17.,신일전자 SVC-1316R,사용전이지만 잘 사용할듯요
"29,900",평점4,G마켓,21.11.06.,신일전자 SVC-1316R,간편하게 쓰기 괜찮아요.. 소리가 조금 큰 편인듯.. ㅎ
"29,900",평점5,옥션,21.11.23.,신일전자 SVC-1316R,"가성비 좋은 청소기! 로봇청소기로 청소하는데, 부분 청소할때 좋아요~뭔가 흘렀을때, 차량 간단 청소도 좋아요~"
"29,900",평점5,옥션,21.11.20.,신일전자 SVC-1316R,감사합니다.잘받았습니다.물건이 좋아 보입니다.잘 사용하겠습니다.
"29,900",평점5,옥션,21.11.09.,신일전자 SVC-1316R,제품 잘 받았습니다. 수고하세요...
"29,900",평점5,홈앤쇼핑,21.11.08.,신일전자 SVC-1316R,신일이라 주문해 봅니다 기대되요 
"29,900",평점5,G마켓,21.11.06.,신일전자 SVC-1316R,신일거라 믿고 샀어요잘 쓸께요~~~
"29,900",평점5,GSSHOP,21.11.12.,신일전자 SVC-1316R,흡입력도 디자인도 굿굿입니다.
"29,900",평점5,옥션,21.11.08.,신일전자 SVC-1316R,빠른 배송에 감사드립니다.
"29,900",평점5,옥션,21.11.07.,신일전자 SVC-1316R,사용하던 제품이 고장나서 색상만 달라진 같은 제품으로 구입했습니다.
"29,900",평점5,G마켓,21.11.04.,신일전자 SVC-1316R,가격대비 만족합니다
"29,900",평점5,옥션,21.11.10.,신일전자 SVC-1316R,자그마하니 좋아요
"29,900",평점5,옥션,21.11.04.,신일전자 SVC-1316R,간편
"29,900",평점5,GSSHOP,21.11.14.,신일전자 SVC-1316R,좋아요 만족합니다 감사합니다
"29,900",평점4,11번가,21.10.26.,신일전자 SVC-1316R,화장대에서 머리카락 청소용으로 사용하려고 구입했어요. 거치대가 작아 꽂을때 조금 불편한감은 조금 있지만 대체적으로 만족스럽습니다.
"29,900",평점5,옥션,21.10.23.,신일전자 SVC-1316R,바닥에 먼지~!!미니 청소기가 해결해주네요아주 좋읍니다 ^^사업 번청하세요
"29,900",평점3,G마켓,21.11.09.,신일전자 SVC-1316R,청소기자알쓸께요요요
"29,900",평점3,11번가,21.10.21.,신일전자 SVC-1316R,흡입력은 나쁘지 않은 수준입니다. 하지만 충전 시간에 비해 쓸 수 있는 시간이 너무 짧아서 효율이 나쁩니다. 여기엔 충전 시간이 8시간이라고 쓰여있는데 설명서에서는 훨씬 더 길게 적혀있었습니다.
"29,900",평점4,옥션,21.11.10.,신일전자 SVC-1316R,작아서 사용하기 편리합니다. 감사합니다.
"29,900",평점5,옥션,21.10.27.,신일전자 SVC-1316R,디자인도 예쁘고 훕인력도 나름만족해요
"29,900",평점5,옥션,21.10.21.,신일전자 SVC-1316R,실제로 받으니 너무 작네요. 감사합니다
"29,900",평점4,GSSHOP,21.10.23.,신일전자 SVC-1316R,소리가 적어서 좋고 흡인력도 좋아요
"29,900",평점5,G마켓,21.10.29.,신일전자 SVC-1316R,배송도 빠르고 저렴하게 잘 샀습니다
"29,900",평점5,피닉스,21.10.26.,신일전자 SVC-1316R,머리카락용으로 사용하기위함
"29,900",평점5,피닉스,21.10.26.,신일전자 SVC-1316R,자취방 머리카락청소용
"29,900",평점5,G마켓,21.10.23.,신일전자 SVC-1316R,대기업보다더좋아요짱
"29,900",평점5,옥션,21.10.29.,신일전자 SVC-1316R,가성비 굳입니다 ㅎㅅ
"29,900",평점3,피닉스,21.10.28.,신일전자 SVC-1316R,가격대비 만족합니다
"29,900",평점5,홈앤쇼핑,21.10.28.,신일전자 SVC-1316R,잘 받았습니다. 
"29,900",평점5,G마켓,21.10.31.,신일전자 SVC-1316R,무겁지않고 쓰기 좋네요 구석구석 청소도 잘 되고 편해요
"29,900",평점5,옥션,21.10.29.,신일전자 SVC-1316R,빠른배송감사합니다^-^제품도 너무 마음에 들어요!
"29,900",평점4,11번가,21.10.19.,신일전자 SVC-1316R,냥이들 사막화 때문에 구매한건데 두부 모래흡입하는데는 문제 없이 잘 흡입됩니다!!카페트 날리는 털들은 그대로네요~모래 제거용으로 구매한거라 가격대비 만족합니다~충전에 문제 없이 오래 쓰면 좋겠네요
"29,900",평점4,GSSHOP,21.10.17.,신일전자 SVC-1316R,매장에서 넘 잘사용하고 있어요. 충전후 사용시간에 길지는 않지만 흡입력도 좋고 무겁지않아 좋아요.
"29,900",평점5,G마켓,21.10.10.,신일전자 SVC-1316R,소형청소기는 2년이상은 못스는듯.조그마한데 흡입력이 좋네요.
"29,900",평점5,옥션,21.10.20.,신일전자 SVC-1316R,빠른배송 좋아요그런데 놓고쓰기엔 거치대가 넘어질위험
"29,900",평점4,GSSHOP,21.06.09.,신일전자 SVC-1316R,급해서 구매했는데 빨리 왔네요흡입 상태도  좋아요
"29,900",평점5,피닉스,21.06.08.,신일전자 SVC-1316R,배송도 빠르고 제품도 맘에 드네요많이 파세요~^^
"29,900",평점4,옥션,21.10.12.,신일전자 SVC-1316R,디자인 색상은 만족하나 흡입력이 좀 아쉽네요~~
"29,900",평점5,홈앤쇼핑,21.10.13.,신일전자 SVC-1316R,흡인력이 좋아요 깔끔하게 청소되요
"29,900",평점2,GSSHOP,21.10.11.,신일전자 SVC-1316R,흡입럭이완전 세지않아서 좀. 실망~
"29,900",평점5,옥션,21.10.20.,신일전자 SVC-1316R,성능최고네요 가성비 짱 디자인짱
"29,900",평점5,G마켓,21.10.14.,신일전자 SVC-1316R,착한가격에 좋은 상품 만족합니다
"29,900",평점4,옥션,21.10.12.,신일전자 SVC-1316R,넘가벼워서혹시나했는데좋아요
"29,900",평점4,11번가,21.10.14.,신일전자 SVC-1316R,집에서쓰기에적당한것같아요
"29,900",평점3,옥션,21.10.20.,신일전자 SVC-1316R,정소하기 좀 불편하네요
"29,900",평점5,피닉스,21.10.19.,신일전자 SVC-1316R,아주 잘 쓰고있습니다~^^
"29,900",평점5,G마켓,21.10.14.,신일전자 SVC-1316R,배송도빠르고 좋습니다
"29,900",평점5,피닉스,21.10.13.,신일전자 SVC-1316R,감사합니다~~~~~~~~~~~~~~`
"29,900",평점5,옥션,21.10.20.,신일전자 SVC-1316R,사이즈대비 좋습니다
"29,900",평점5,11번가,21.10.18.,신일전자 SVC-1316R,역시 신일제품최고입니다.가격카지 훌륭해서 너무좋습니다.
"29,900",평점5,옥션,21.10.20.,신일전자 SVC-1316R,가사합니다
"29,900",평점5,피닉스,21.11.20.,신일전자 SVC-1316R,너무좋아요 너무좋아요
"29,900",평점5,G마켓,21.10.06.,신일전자 SVC-1316R,핸디청소기 편하겠다하셔서 어머니 사드렸더니 필터도 맘에든다며 좋아하시네요 고맙습니다
"29,900",평점5,옥션,21.10.06.,신일전자 SVC-1316R,청소기가 모서리가 깨끗이 안되어서 구입했는데 잘되네요 디자인두 깔끔하고 좋아요
"29,900",평점4,홈앤쇼핑,21.09.04.,신일전자 SVC-1316R,성능 좋은거같아요충전거치하기가 약간불편하네요익숙해지면 괜찮겠죠
"29,900",평점5,11번가,21.10.09.,신일전자 SVC-1316R,잘빨리네요..역시 신일이네요
"29,900",평점3,11번가,21.10.01.,신일전자 SVC-1316R,소리는 요란흡입은 별로에요충전기도 불편해요구입한거 후회합니다
"29,900",평점5,11번가,21.10.06.,신일전자 SVC-1316R,크기도 적당하고 성능도 좋코 맘에 들어요.배송도 빠르고 좋아요.
"29,900",평점4,11번가,21.10.01.,신일전자 SVC-1316R,일단 젤 중요한 흡입력 괜잖고요..디자인 도 좋윽편임.내구성이 문제인듯. 하나 일단 믿고 써봅니다
"29,900",평점4,G마켓,21.10.07.,신일전자 SVC-1316R,편하게 방에서 머리카락이나 작은 부스러기 치울때 편해요.
"29,900",평점5,G마켓,21.10.07.,신일전자 SVC-1316R,두번째구매 가볍고 좋아요 차량용으로 하나더 샀어요
"29,900",평점5,G마켓,21.10.05.,신일전자 SVC-1316R,잘 빨아들여서 거실에 하나  따님방에하나 세번째구입 오래쓰니가  모터가 힘이 없어요
"29,900",평점5,G마켓,21.10.10.,신일전자 SVC-1316R,아주 만족헙니다 배송도 빠르고 만족합니다
"29,900",평점5,GSSHOP,21.10.04.,신일전자 SVC-1316R,사용하기 편한데? 충전이 오래걸려요~~
"29,900",평점5,GSSHOP,21.10.05.,신일전자 SVC-1316R,아이방에 딱 좋네요 가벼워요
"179,000",평점5,피닉스,21.07.11.,신일전자 SVC-8858PNX,"핸디형 청소기 여러 제품 10년 넘게 사용해봤지만 정말 가성비 좋습니다.여러가지 기능성 아이템 많고 이틀간에 테스트 해 본 결과 대 만족. 약간 샤오미 스러운 느낌도 있지만 가성비 좋은 제품이네요. 기존 국내 L*, 독일산 핸디형은 청소 아이템도 별로 없는데 아이템 많구 좋아요. 다소 아쉬운 점은 아이템 결합시 조금 힘줘 결한해야합니다.먼지통 2중 필터이고 아래로 잘 쌓이네요.굿!처음에는 먼지통 잘 비워질까 걱정했지만, 잘 빠집니다. 그리고 2중 필터 구조라서 그런지 헤파 필터에 먼지가 잘 안끼니 좋네요.아 그리고 직진성은 좀 떨어집니다. 솔 길이가 잛은건지 몰라도 앞으로 가고자 하는 직진성은 떨어져 밀어줘야 하는 느낌. 요게 좀 아쉽네요. 전체적으로 가볍지만 직직성 때문에 무겁게 느껴질수 있어요.이렇게 긴글 쓴 이유가 그래도 좋은 점이 많다굿! 비싼 청소기 보단 가성비 좋운 제품 소모품이다 생각하고 쓰면 좋울 것 같네요.이런건 A/S 걱정말고 안돼면 하나 더 사는걸로 .굿!"
"179,000",평점4,피닉스,21.12.31.,신일전자 SVC-8858PNX,"배송 빨랐어요. 아직 한두번 사용한 후기지만 일단 지금까지 흡입력은 굿굿! 앞에서 불빛이 나와서 먼지는 진짜 더 잘보이네요. 소음도 전에 사용하던거보다 작아서 인지 만족하는 편. 다만 설명서나 안내문에 거치대랑 청소기 조립하는 법에 대한 상세설명이 부족해서 처음 조립시 좀 불편했어요. 거치대가 약간 휘청해서 불안한감도 없지 않지만 벽에기대니까 보완되고, 거치대에 부속품이랑 정리해서 세워두니 자리를 그닥 많이 차지하지 않고, 디자인 자체는 깔끔해서 거슬리지 않아 좋아요. 전체적으로 만족하고 고장없이 오래가기를~"
"179,000",평점5,피닉스,21.11.26.,신일전자 SVC-8858PNX,자취생에게 필수입니다 정말정말 삶의 질이 올랐어요 원래 빗자루로 청소하고 물걸레로 바닥 닦는데 한세월걸리고 청소하고 다음날 돼도 씻고 나오면 발바닥에 먼지 한가득이었는데 정말 만족합니다최대 사용시간이 30분이라고 적혀있는데 집이 작아서 1~2분이면 벌써 청소 끝이라 한번 완충하면 한달 쓸 것 같아요ㅋㅋㅋ아쉬운 점은 도구들이 여러개 들어있는데 사용
"179,000",평점5,피닉스,21.01.31.,신일전자 SVC-8858PNX,흡입력도 좋고 디자인도 이쁘고 소음도 일반청소기수준이네요. 다만 좀 무거운감이 있어요. 손목에 힘이 없는편이라서 그런지 조금 아주조금 무게감이 있는정도예요.창소가 잘되니 좋네요 신일이라 믿고 선택했어요 선풍기 믹서기 써보니 제품이나as가 좋아서 청소기도 망설임없이 구매했어요
"179,000",평점2,피닉스,21.12.23.,신일전자 SVC-8858PNX,할인이 풀려버린 시점에 만원 더 비싸게 구매하자마자 다시 할인이 생겨버려 기분이 썩 좋지는 않았지만 청소기 자체는 문제가 없습니다. 다만 생각보다 다양한 도구들이 많은 만큼 번잡해 보이고 직접 수동으로 해야하는 부분들이 꽤 많습니다. 그리고 거치대 내에 따로 충전기능이 있는 게 아니라 따로 충전선을 꼽아야 한다는 점도 인테리어 부분이나 편리함 부분에서는 아쉽습니다. 그리고 도구들이 많아 번잡한거에 비하여 설명서 엄청 간략한 부분도 조금은 아쉬웠습니다.
"179,000",평점1,G마켓,21.10.01.,신일전자 SVC-8858PNX,"장단점이 있는듯단점상품 이상이 있는게 걸리면 처리가 매우 답답함요청하는 번호로 성명 문제사항사진 보내고 글 남기라는곳에 글 남겨도 2주지나도 연락이안오고 계속 같은 멘트만 침-아직도 못받아서 문제의 사진 여기에첨부리퍼상품 아닌데도 먼지통 안쪽 선명한 지문 다수발견, 본체와 연장관 체결 상태 불량장점청소기 성능 자체는 가격대비 나쁘지 않고 다양한 툴이 있음파워모드는 베터리 진짜 빨리달아짐 순식간에 칸이 줄어들고 꺼짐그만큼 출력은 좋아지는게 함정거치대 별도 구매하지 않아도 됨"
"179,000",평점3,뱅스몰,21.12.18.,신일전자 SVC-8858PNX,제대로된 설명서가 없어서 거치대쪽 설치하는데 애좀먹었네요ㅠㅠ흡입쎄기는 강약 두가지로 구분되어있고 충전은 거치대에 놔두면 되는게 아니라 청소기에 선을 꼽아야 충전되고 테팔보다 좋다기에 구매했는데 흡입이 약합니다ㅠㅜㅜ불빛도 3개 뿐이고..ㅠㅠAS문제도 있고 국산이 좋은 1인인데 좀 후회스럽기도 합니다만 무게도 적당하고 일단 하얀색이라 깔끔해보이고 추가 구성품이 좋습니다포장도 깔끔합니다
"179,000",평점5,피닉스,21.06.23.,신일전자 SVC-8858PNX,집에서 다이x 청소기를 사용했었는데독립하며 이사나와서 청소기를 찾던 중다이x은 성능에 비해 너~무 비싸고중국제품들은 죄다 해외직배송에 as도 믿을수가 없어서 신일꺼를 선택했습니다다이x에 비해서 소음은 쪼금 더 크지만흡입력이 비교가 되질않고 무엇보다 배터리 교체 가능한 점이 너무 맘에듭니다배터리 사용 오래 하다보면 지속시간이 떨어져서청소기를 새로 구매해야하나 고민되는데 그 부분에 있어서 엄청난 장점을 가지고 있는 제품같네요뭐 제품 가격도 다이x 3분의 1가격이라 말할것도 없구요청소기 자주 쓰는 입장에서 너무 맘에드네요
"179,000",평점4,G마켓,21.08.13.,신일전자 SVC-8858PNX,"설명서보면 부품이 조잡하긴하나 설명서는 항상 보관하니 나중에 애로 사항있으면 혼자 해결하면되는것이고, 신일 무선 청소기는 종전쓰던것도 잘 쓰고 있어 좋은것 잘 알고요.일단 설명서든 일단 조립 세세한 설명 부족해요.다 글치 않겠지만 싱글족은 어려움 있겠다 생각합니다. 다행히 기계치는 아니어서 조금 시간 걸려 조립했어요.홈페이지나 QR코드로 조립 초보에게 자세한 추가 설명 필요하지 않을까 그런점이 아쉽네요.사용후는 만족입니다.그래도 가볍고 소음적고 성능 좋아요.오래 쓰고 싶네요."
"179,000",평점5,피닉스,21.02.06.,신일전자 SVC-8858PNX,"원룸에서 투룸으로 이사했는데 돌돌이 쓰다가 안될거같아서 청소기 알아보게 되었어요.유선이 흡입력이 좋긴한데 불편하고 무거워서 무선으로 알아보다가 너무 저렴한건 사용시간이 짧고..15분에서 30분 이용할수 있고 배터리 교체가 쉽고 구입이 쉬운 제품, AS가 용이한 제품으로 찾은게 이 모델이네요.받고 완충 하고 돌려봤는데 카펫 브러시는 정말 좋은거같구 기본 소프트 브러시는 머리카락이 잘 흡입이 안되는 경우가 있긴한데 이 가격에 이 디자인에 브러시 종류도 다양하고 만족스럽습니다.한번 다 돌리고 다시 봤는데 2칸 줄었어요~큰 평수는 좀 버거울거 같구 15평에서 18평까지는 잘 사용할 수 있을것같습니다!아니면 여분 배터리 사용하셔서 2개 교체해가며 쓰시는 것도 나쁘지 않을것같아요.고장없이 잘 썼으면 좋겠어요~"
"179,000",평점5,GSSHOP,21.12.11.,신일전자 SVC-8858PNX,가볍고 led가 있어 어두운 곳에서 청소하기 너무 좋아요.개인적으로 다이슨 보다 좋은 것 같아요.걔는 좀 무겁고 침대밑에 청소할때 잘 안들어 가서 불편해요.가격이 조금 올랐다 했더니 구성이 바뀌었네요.물걸레가 새로 나왔네요.1단계는 약한 것 같아서 항상 2단계로 사용하는데배터리가 빨리 끝난다는게 약간의 단점이에요.
"179,000",평점4,피닉스,21.10.14.,신일전자 SVC-8858PNX,일단 디자인깔끔하니 이쁩니다소음도 적당합니다가벼워서 좋구요다이* 사려고 여러번 친구집서 사용했는데검지손가랑으로계속눌러야하는게 싫어서 미루고 있었는데 딱좋으네요정말 가성비 좋다는 리뷰보고 샀는데 만족합니다어제 오늘 사용했는데 ~좋아요그런데 틈새청소하는 튤이 좀  넓어요 조금더 좁아야 할듯해요문틀사이에  안맞아요
"179,000",평점5,피닉스,22.01.03.,신일전자 SVC-8858PNX,부모님댁에 보내드렸는데 가성비 좋으시다고 만족하세요 요즘 프리미엄 청소기 백만원도 훌쩍 넘던데 엄마는 아직도 유선 청소기 흡입력을 고집하시고 서브로 이 제품 놓고 쓰시라고 보내드렸는데 확실히 수월하긴 하다고 하시네요 저도 만족스럽습니다^^
"179,000",평점5,피닉스,21.11.29.,신일전자 SVC-8858PNX,"산 지 벌써 한 달이 지났군요! 여전히 쌩쌩 잘 돌아갑니다! 먼지도 잘 모아지는데, 너무 잘 모아져서 도대체 이전까지는 그많은 먼지를 다 마시고 산건지.. 폐에게 미안함을 느낍니다 건강을 위해..! 고민마세요 가성비도 최고라구"
"179,000",평점4,SSG닷컴,21.04.16.,신일전자 SVC-8858PNX,"처음에는 유선청소기로 알아보다가
편한 무선청소기가 좋다는 주변에 말듣고 무선청소기 살려고 공부하기 시작했습니다
제가 제일 중점접으로 봤던건 다들 ""무선청소기는 흡입력이 약해서 사용하기 쉽지 않다""
그래서 첫째도 흡입력 둘째도 흡입력이였습니다 
하지만 검색을 해본 결과 흡입력 최고로 좋은 무선청소기들은 다 LG, 삼성, 다이슨 같은 제품들이였습니다
그런 와중에 신일 무선청소기를 찾았는데 흡입력도 나쁘지 않다는 평과 저가형 무선청소기에는 없다는
거치대+베터리상태+LCD 표시창 등이 있어서 가격도 너무 마음에 들고 평도 괜찮아서 샀습니다
배송이 와서 부푼마음으로 택배를 열어봤을때는 처음에는 머가 먼지 몰랐습니다 
왜냐면은 전부 조립을 해야되는 상태였던거지요...
조립해야된다는건 제가 보지 못했는지 당화스러웠습니다
그래서 안에 들어있는 설명서대로 조립을 시작했는데 조립이 어렵진 않더라고요 ㅎㅎ
조립을 다하고 충전을 해서 청소기를 처음으로 돌려봤는데 처음에는 만족스러운 흡입력이라고 생각해서
나름 만족하고 있었는데 MODE를 한번 더 누르니 터보가 되네요 
삼성, LG같은 제품을 써보지 않아서 비교는 못하겠지만 흡입력 그리고 편리성 등등 가격대비 최고라고 생각합니다
한가지 아쉬운점은 거치대가 튼튼하지 않다는점 그리고 바닥 물걸레청소가능한 키트가 없다는 정도겠네요
사실 다른 키트들은 많이 같이 동봉되어서 왔지만 정작 제일 필요한건 물걸레 키트였는데 저가형에 너무 많은걸
바라는거같기도 하고 그러넹요 ㅎㅎ 아무튼 앞으로도 만족하면서 잘 사용하겠습니다"
"179,000",평점1,G마켓,21.10.14.,신일전자 SVC-8858PNX,"싸이클론이라는 이름이 너무 과하지않았나 싶은 흡입력이네요 2단틀어도 바닥끝 벽면에붙은 먼지는 아예 빨리지를 않습니다, 심지어 그냥 바닥면 청소할때도 바로앞에 먼지를 가끔 못빨아들이는 경우가 있네요. 손으로 먼지 만져보면 그냥 집히는 먼지인데.. 제품불량은 아닌거같고 성능이 구린거같아요 뭐 유튜브 비교동영상 보고 샀는데 17만원 값어치 못하고 구리네요.. 싸이클론말고 선선바람이 적당함.. 내돈 아까비.. 다른제품도 충분히 고려해보세요.."
"179,000",평점4,피닉스,21.10.17.,신일전자 SVC-8858PNX,10만원대 저가형 무선청소기 비교 영상을 보고 여러가지 성능이 우수하여 구매합니다~ 거치대가 있어 좋지만 충전때마다 짹을 꽂아야 하는 불편함이 있고 먼지통이 다른 고가형 제품보다 작습니다. 하지만 그 제품들보다 훨씬 가벼운것은 장점입니다. 고장없이 오래 사용할 수 있기를 바래요~
"179,000",평점3,피닉스,21.12.27.,신일전자 SVC-8858PNX,코드제로 구매할려다가 비싼거나 싼거나 써보니깐 별차이없다고 동생이 이야기를해서 국산꺼 구매하자하고 구매했는데...청소자체는 잘되네요...다만 마감들이 아쉬워요...청소통 부분이 잘안맞아서 결합하기가 힘드네요..저같은 경우는 괜찮은데 어머니나 아버지는 딱맞추기 힘들어하시네요
"179,000",평점1,피닉스,21.11.24.,신일전자 SVC-8858PNX,쓰레기 제품입니다. 구매를 하지 마세요  차라리 인터넷에 돌아다니는 차이슨 구매 하시는게 좋습니다.사용한지 한달 넘었지만1. 흡입력이야 당연히 안좋습니다.2. 정전기 존나 납니다. 3. 청소 흡입구 부분이 라이트가 하나씩 나가더니 한달도 못쓰고 다 나감4. 부스터 모드 키면 부스트가 켜졌다 꺼졌다 지 맘대로 입니다.5. 롤러가 청소를 하는건지 아니면 롤러 뒤에 있는 바(?)가 청소하는건지....청소 끝나고 보면 먼지가 흡입되는게 아니라 흡입구 뒤부분 바에 덕지 덕지 붙어 있음.절대 사지 마세요
"179,000",평점5,피닉스,21.10.12.,신일전자 SVC-8858PNX,어머니 필요하시다 하셔서 사드렸는데 가격대비 엘지거와 비교해도 괜찮아보이네요아직 오래써보지 않아서 내구성은 잘모르겠지만 그래도 신일거라서 믿고 사용하면될듯합니다문자를 잘 못쓰시는 어머니께서 웃는 이모티콘으로 좋다고하시네요 ㅎㅎ
"179,000",평점5,피닉스,21.11.26.,신일전자 SVC-8858PNX,자취생에게 필수입니다 정말정말 삶의 질이 올랐어요 원래 빗자루로 청소하고 물걸레로 바닥 닦는데 한세월걸리고 청소하고 다음날 돼도 씻고 나오면 발바닥에 먼지 한가득이었는데 정말 만족합니다최대 사용시간이 30분이라고 적혀있는데 집이 작아서 1~2분이면 벌써 청소 끝이라 한번 완충하면 한달 쓸 것 같아요ㅋㅋㅋ아쉬운 점은 도구들이 여러개 들어있는데 사용설명서에는 어떤 곳에 쓰는건지 안나와있더라구요 또 물품들이 밑에 다 정리 되는 줄 알았는데 몇가지 안들어가는게 있어요 따로 보관해야되는게 좀 아쉽네요 그래도 엄청 만족하고 쓰고 있습니다
"179,000",평점4,피닉스,21.09.29.,신일전자 SVC-8858PNX,대체적으로 괜찮은편인데일렉쓰다가 이거쓰니까 첨엔 손목쪽이 무거워서 적응하기힘들었어요근데 소음이 진짜 적어요맨날 시끄러운청소기들만쓰다가 너무조용하니까 어짠지 흡입력이 떨어지나?하는생각도 들지만 흡입력은 전혀 문제없어요ㅎ 바람불어내는건 생각지도못했는데 신박해요
"179,000",평점5,하이마트쇼핑몰,21.03.05.,신일전자 SVC-8858PNX,진짜 좋아요!! 무선청소기 요즘 가격대 다양하고 너무 많아서 고르기 힘들었는데 잘산거같아요!우선  고가의 무선청소기에 비해 밀리지 않는 다양한 구성품이 마음에 들었어요!그리고 저희집에 청소기 둘곳이 마땅치 않았는데 증정으로 받은 거치대로 보관하니 자리차지 덜하구요무선청소기라서 흡입이 약하면 어쩌나 했는데 완충하고 20분넘게 저희집 전체 구석구석 강하게 먼지를 흡입합니다요거 아주 기특한 청소기네요~~! 조용하게 강한 흡입력으로 역시 신일이란 말이 나왔네요비슷한 가격대의 타사대비 완전 좋은거같아요!! 만족합니다~~
"179,000",평점3,피닉스,21.10.17.,신일전자 SVC-8858PNX,"디자인 예쁘고요, 설치하는거 어렵지 않았어요. 먼지, 자잘한 오염들은 흡입이 정말 잘돼요. 하지만 긴 머리카락은 흡입이 잘 되지 않네요ㅠㅠ 짧은 머리라면 매우 편하겠지만, 긴머리인 분들은 참고하세요. 머리카락 흡입이 가장 골칫거리인데, 어떻게 해야 잘 흡입이 될지 모르겠어요. 이 외엔 소리 시끄럽지 않고 일반 오염물질은 잘 흡입됩니다."
"179,000",평점5,피닉스,21.11.23.,신일전자 SVC-8858PNX,조립도 편하고 헤드에서 불이 나와 어두운 코너에서도 잘 보입니다. 다만 흡입력이 완~전 좋진 못하지만 가격에 비해 정말 대만족합니다. 주변에서 이 가격대에 무선청소기 추천해달라고 하면 신일 추천할거에요. 유튜브 비교 영상 보고 결정했는데 정말 대만족입니다.
"179,000",평점4,CJ온스타일,21.06.05.,신일전자 SVC-8858PNX,장점: 1.전에 쓰던 샤오미 흡입력과 큰 차이 없음. 2. 디자인이 예쁨. 3. 세세한 도구들이 소비자 고민을 많이 한 듯. 단점 : 1.나무바닥인데 청소할 때 바닥에 닿는 롤바퀴에서 바닥 접지부위에 따라 듣기 싫은 킥킥소리가 남. 2. 사용한지 5일 됐는데 고무 바퀴 검은 자국이 바닥에 심하게 남네요.  뭐든 청소기에 바퀴가 있기 때문에 ㅠ.ㅠ  3. 침구 청소기는 전 샤오미보다 성능이 부족함.  
"179,000",평점4,피닉스,21.10.07.,신일전자 SVC-8858PNX,본체와 봉의 이음새 부분이 약간 이격이 있네요. 이 것 때문에 교환받았는데 또 그런거 보니 그냥 이렇게 설계되었구나 밖에 생각할 수 밖에 없네요. 다른 건 다 괜찮아 보입니다. 거치대까지 구성에 있고 툴도 많고 소리도 너무 크지 않아 괜찮아요.
"179,000",평점5,GSSHOP,20.07.28.,신일전자 SVC-8858PNX,"디자인도 예쁘고 이 금액에 무선청소기라니 만족합니다 유선청소기보다는 흡입력이 아무래도 약하고 구서구석 밀기가 헤드가 가볍지가 않아서 자유자재가 유선만큼 팍팍 되는 것은 아니지만 이정도의 청소되는 거라면 세컨 청소기로 만족합니다 1단으로 놓고도 바닥에 잘 붙여서 밀어주면 깨끗이 흡입 잘 됩니다 먼지통이 조금 작은듯하나 밀고 바로바로 청소하게 되니 오히려 더 나은것 같아요먼지통보고 청소잘됐구나 싶어서 바로 침대헤드로 교체해서 침대도 밀어줬어요 힘있게 잘 돌아가고요유선 쓰다가 무선쓰니, 무선청소기 중에서는 이게 가벼운 편인것 같은데도 청소하다보니 확실히 유선청소기보다는 무겁기는 해요 힘없는 사람 아닌데도 구석구석 힘있게 청소하려니 팔에 무리가 가기는 했어요 그래도 무선이 이 정도면...하고 자족하고 있네요차이슨 새로나온 화이트모델과 고민하다가 이게 몇천원 더 싸기도 했지만 신일..이라 믿고 구매했습니다 디자인도 예뻐요 금액 알기 전 남편이  보더니 좋아보인다고 하네요~^^"
"179,000",평점5,피닉스,21.11.08.,신일전자 SVC-8858PNX,넘 만족하며 하루도 빠짐없이 사용하고있어모 원래 지원금으로 l사꺼 사려고 하다가 넘 비싸서 망설이다가가성비좋은 신일꺼로 겟했네요 조립하고 사용하면서 넘좋아서 친구한테 권유했네요가성비 짱짱짱쓰던거 고장나도 다시 이걸로 구매예정
"179,000",평점5,피닉스,21.02.13.,신일전자 SVC-8858PNX,진짜 좋네요\n다이슨 삼성 엘지는 뭐 금을 발랐나 어이없게 비싸서 싫었는데도 역시 그 가격값 하려나? 하는 호기심도 들고.. 갈팡질팡하다가 이름자체로 신뢰하는 신일에서 청소기가 있어서 제품설명 보지도 않고 그냥 샀어요\n지인들 집에서 위에 언급한 고가의 청소기를 사용해봤는데 이거랑 뭐가 큰 차이가 있나 싶습니다\n깔끔한 디자인에 흡입력. 소음또한 지난번 쓰던 삼성 저가라인보다 월등하고 상중심이여도 크게 무겁지 않습니다. 둘째낳고 망가진 손목때문에 걱정했는데 괜찮네요\n\n집은 48평정도인데 시간을 정해놓고 전체 집을 청소하는게 아니라 그때그때 필요한곳을 하루에도 대여섯번씩 청소하니 배터리가 크게 닳지 않네요\n여튼 너무 대만족입니다\n구석구석 먼지도 led덕분에 청소하고요! 매우만족합니다 ♡
"179,000",평점5,피닉스,21.07.15.,신일전자 SVC-8858PNX,사무실 먼지가 많아서 청소하려고 저렴한 무선청소기 알아보다가 국내브랜드가 좋을것 같아서 구매했어요 처음에는 흡입력이 약한가 했는데 충전시키고 해보니 편하고 흡입력도 좋네요 디자인도 예쁘고 거치대도 있어서 보관도 편해요 오래오래 고장없이 쓰고 싶어요
"179,000",평점5,피닉스,21.10.17.,신일전자 SVC-8858PNX,"유선청소기 쓰다가 무선청소기를 처음 샀는데, 100만원 넘는 고가제품과 저렴한 제품 고민하다가 결국 신일 무선청소기를 선택했어요. 저가제품은 흡입력이 약하다, 소음이 심하다 등등 단점만 눈에 띄는 것 같아서 걱정했는데 직접 사용해보니 흡입력도 나쁘지 않고 소음도 사용하던 유선청소기랑 비슷한것 같아요 저는 만족합니다ㅎㅎ 유선에서 무선으로 넘어와보니 정말 신세계에요ㅋㅋ 무게감은 좀 있지만 무선의 장점이 더 많아요~ 매일 청소가 즐거워졌어요~"
"179,000",평점5,피닉스,21.02.20.,신일전자 SVC-8858PNX,"배송이 엄청 빨리와서 좋았네요!??가성비 너무 좋아요. 특히 카펫, 침구용 브러쉬가 들어있어 요긴하게 잘 쓸 것 같아요:)흡입력도 이정도면 나쁘지 않아요!소음이 적은 게 가장 좋습니다. 저희 집이 강아지를 키우는데 청소기 소리 시끄러워서 정말 싫어하더라구요 ㅠ 근데 이 제품은 금방 적응할 것 같아요. 디자인도 깔끔하고, A/S 센터도 가까워서 차이슨이나 그런 제품보다 훨씬 접근성이 좋은 편이에요. ??10만원대 제품 괜찮은 무선 청소기 찾으시는 분은 추천드립니다!"
"179,000",평점4,피닉스,21.04.28.,신일전자 SVC-8858PNX,빠르게 배송됐어요. 조립하는데 설명서가 자세하진 않았지만 그냥 대충 했어요. 오늘의 집에서 구입하는 게 더 싸요ㅠ 늦게 알았지만 그외 다른 건 다 좋습니다. 그런데 기본 청소기 외에 다른 연결해 사용하는 것들은 어떻게 보관해 쓰는지 설명이 부족한 건 조금 아쉽습니다.
"179,000",평점3,GSSHOP,21.12.08.,신일전자 SVC-8858PNX,"무게감이 조금 있는 편이고, 소음도 타사에 비해 조금 있어요. 전원버튼하고, 강약버튼이 잘 보이지 않아 불편하고요~ 흡입력은 보통이예요. 배터리를 청소기에 장착하지않고 충전할 수 있으면 더 좋을텐데~ 좀 아쉬운 점이예요."
"179,000",평점5,G마켓,21.05.05.,신일전자 SVC-8858PNX,자취하면서 대부분 소형가전제품을 신일에서 샀어요 as는 뭐 조~금 번거로울 뿐 가격대비 성능은 대기업못지않아서 매번 추천하기도하고 저도 잘 쓰고있거든요ㅋㅋ 게다가 디자인도 제일 예뻐요 고양이키우고 있어서 모래때문에 매번 청소가 번거로웠는데 벤토나이트 모래도 잘 빨아들이네요. 모드가 하나인 줄 알았는데 ㅋㅋ 모드 한 번 더 눌리니까 더 쎄게 빨아들이더라고요... 진작에 쓸 걸ㅋㅋ 원룸이라 풀충전해도 10분내로 청소가 끝나서 뭐 방전이나 뭐 이런건 잘 모르겠어요 거치대가 엉성해보였지만 설치하고보니 그렇진않더라고요ㅋㅋ 만족합니다. 다른 브랜드는 물걸레 기능도 있고 가격도 저렴했어서 고민했지만 신일 브랜드만 보고 산거라 후회없습니다 최고에요
"179,000",평점4,G마켓,21.03.08.,신일전자 SVC-8858PNX,"우선 20만원 안되는 가격대의 무선청소기에 관심이 갖고, 신일이라는 브랜드에 믿음이 가서 구입했다. 배송은 3일 걸렸다. 제품조립해서 작동시켜보니 모터특성인지 소리가 적어 흡입력이 기대보단 약하게 느껴졌고, 실제로 사용해보니 먼지나 머리카락 작은 쓰레기는 비교적 잘빨아들이긴 하나, 한번에 깔끔하게 청소가 되지는 못했다. 따라서  천천히 움직일 것을 권장한다. 먼지통 분리와 청소는 비교적 쉬웠다. 벽걸이 거치대는 본체를 제대로 잡아주지 못하는 구조여서 아쉽다."
"179,000",평점1,피닉스,21.11.02.,신일전자 SVC-8858PNX,매장에서 쓰려고 싼마이로 구매했는데 진짜 별로다하루 썻는데 다음날 청소기 머리 부분에 라이팅 하나 나감...한 일주일 썻나?그다음부터는 먼지 있지도 않는데 빨간불 들어오면서 자동으로 꺼진다... 18만원 짜리 가지고 a/s 가기도 귀찮타...
"179,000",평점5,피닉스,21.07.01.,신일전자 SVC-8858PNX,조립 성명서가 없어서 어리둥절한면은 있지만 어렵지 않게 조립가능합니다.전 그리 청소에 진지한면이 아니라 쉽고 가볍게 청소기를 돌릴수 있기를 원했어요. 냥이 화징실 모래 덕에 자주 돌려야 하기도 했고 ㅎㅎ저에게는 하늘에서 가성비가 내려온 청소기네요!!
"179,000",평점4,G마켓,21.09.30.,신일전자 SVC-8858PNX,집이 작은 편인데 쓰기 딱 좋아요 자리 차지도 크게 없어서 더 좋네요 무선이 이렇게 편한 거였어요 더 빨리 살 걸 그랬나 봅니다as 생각해서 국내 제품 샀는데 일단 흡입력도 괜찮고 소음도 적은 편입니다 저는 추천해요 아 확실히 다이슨보다 가벼워서 좋아요
"179,000",평점5,GSSHOP,21.01.13.,신일전자 SVC-8858PNX,차이슨 쓰다가 국내 브랜드로 바꿔봤는데요전에 쓰던 것에 비해 대만족이예요오자마자 충전이 좀 되어있어서 써봤는데소리가 너무 조용해서 약한가? 했더니무거운 나사나 이런것까지 깨끗하게 빨아들이네요2단으로 사용하면 흡입력 짱짱하구요구성품 거치대에 꼽아놓고 쓰는것도 깔끔하고 좋네요디자인도 상큼하고 완전 추천해요
"179,000",평점5,GSSHOP,20.12.15.,신일전자 SVC-8858PNX,청소기는 신일브랜드이기에 믿고 고민없이 구매한 제품이에요!일단 디자인부터 너무 깔끔하고 세련되서 거실에 아무곳에나 둬도 인테리어를 크게 방해하지 않더라구요!!소음도 심하지않고 흡입력이 좋아서 진짜 잘산거같아요!!~먼지통도 관리하기 편하더라구요! 필터도 4중으로 되어있고 청소하기 너무 편리해요!! 가격대비 정말 잘산 아이템중 하나입니다!!팔목이 아프지도 않고 가벼워서 핸들링도 잘되고 가격대비 좋은제품 추천해요!!~
"179,000",평점4,현대Hmall,21.07.31.,신일전자 SVC-8858PNX,청소시 사용가능시간도 여유있고 흡입도 좋은데 조금 무겁고 틈새흡입구가 자꾸만 사용중에 빠져서 힘이 들어가고 불편해요 그래서 브러시부분도 청소중에 자꾸 밀려뒤로가구요 가격에 비해 먼지통 비우는것도 양쪽에서 가능해서 깔끔해서좋은데  틈새브러쉬에 솔이 부착되어서 많이 사용하게되는데 조금 아쉽네요제품하자로 밀리는거라면 교환가능할까요?
"179,000",평점3,GSSHOP,21.09.11.,신일전자 SVC-8858PNX,먼지통파손으로 다시보내주셨네요 봉이음이꼭조이는맛도 없어 손으로만져보면 다시조여야할듯한미심쩍음 있어어  봉연결사용시 먼지흡입구가 다른거에 비해서 왜작?ㅔ하셨는지???  어차피 핸디용으료구입하긴했지만 조금씩 아쉽긴하네여 서브용으로 사긴했지만요 기대가 켯나봐요 신일이라는 기대감
"179,000",평점4,G마켓,21.06.02.,신일전자 SVC-8858PNX,장점: 흡입력이 좋다.          블로워 기능이 있다.           가볍고 디자인이 이쁘다.         고객 대응이 신속하다.단점: 배터리 잔량표시가 오락가락 한다.          이것때문에 한번 교환을 받았는데          새로 받은 것도 동일한 증상...그래도         다른 장점들이 많아서 그냥 쓰기로 함.         기능에는 지장이 없슴.
"179,000",평점5,G마켓,21.01.14.,신일전자 SVC-8858PNX,차이슨이라 불리는 제품 2개 사용했는데 내구성이 너무 약해 망가져 이번에는 신일로 바꿨습니다. 차이슨에 비해 흡입력도 좋고 헤드부분도 조금 더 커서 청소가 용이하네요. 제품도 더 탄탄해 좋습니다. 1단만 해도 충분히 세네요. 단점은 먼지통이 좀 길어서 침대 밑이나 가구 밑을 청소할 때 더 안들어 가고 충전 단자가 거치대에 있었으면 편할텐데 본체에 꽂아야해서 조금 아쉬워요. 무게는 차이슨보다 조금 더 무겁습니다. 그래도 제품을 보면 품질에 차이가 뚜렷해서 만족합니다. 잘 쓸게요.
"179,000",평점4,G마켓,21.08.18.,신일전자 SVC-8858PNX,"배송 빨랐구요.. AS등 생각해서 국산으로, 그리구 신일은 선풍기 등 모터로 유명해서 구매했어요.. 사용하던 유선보단 흡입력이 약하고, 충전 만땅해도 오래가진 않네요.. 먼지 흡입구가 좀 더 컸으면 하는 생각도 들구요. 디자인은 깔끔하고, 소리는 유선보단 조용한 편이에요. 제발 as안받고, 오래 사용하길 바래봅니다."
"179,000",평점5,CJ온스타일,20.10.24.,신일전자 SVC-8858PNX,"구매전 엘지나 삼성거 고려했지만 가격이 아닌것 같아서  검색끝에 찾아내서 구매 배송 하루만에 와서 깔끔조립간단 누구나 할수 있고 생각보다 가벼운 무게에 깔끔한 외관 만족거치대와 여러가지 모듈제공 바꿔가면거 다 써봤고 모두만족간맘에 틈새청소하고 먼지 다 청소했네요169,000일때 구매했는데 적립금 찬스도 있어서 15만원대 구매! 가성비 이만한거 없는듯 잘샀어요 청소기 어차피 소모품이고 비싼거 산다고 몇십년쓰는거 아니니까요 "
"179,000",평점4,G마켓,21.03.28.,신일전자 SVC-8858PNX,첫 무선 청소기예요처음이라 비싼 제품을 덜컥 사기도 걱정되고 가격도 부담스러워 신일이라는 브랜드를 보고 구입했어요유선보단 흡입력은 약하지만 머리카락위주로 간단히 사용하기엔 충분해 보이구요 소음도 있긴한데 새벽이나 밤늦게 하는건 아니니까 괜찮구 손목이랑 손이 안좋아 약하고 근력이 없어서인지 한손으로 하는건 좀 힘들어요 힘없는 어르신들은 사용하기 힘드실거같네요
"179,000",평점5,G마켓,21.02.23.,신일전자 SVC-8858PNX,"기존에 여러무선 청소기를 사용해본 경험으로무선선청소기의 단점이 배터리사용 시간이 짧다는 것이었습니다.그래서 저렴하고 성능이 뛰어난 제품중 배터리를 추가로 구매할 수 있는 제품을선택하게 되었고, 외관과 성능 모두 만족합니다.추가로 받은 스탠드도 만족합니다.먼지흡입은 10점만점으로 본다면 8.5 정도 입니다.하지만 무선청소기들의 공통된 점수일듯 합니다.비슷한 금액의 제품을 찾으신다면 차이슨 계열보다는신일 제품을 추천드리고 싶습니다.집에 무선청소기만 3대 있는 상태인데.이제 4대네요. 1년에 1대씩 구매한 것 같네요.이번에 구입한 제품은 배터리를 추가로 2개더 구매했습니다.오래 사용할게요."
"179,000",평점5,피닉스,21.03.06.,신일전자 SVC-8858PNX,모터소리 작은편이라서 좋네요~무게도 이전 제품보다 가볍고 좋아요~특히 머리카락이 청소롤?에 안끼어서 좋고 먼지 박스비울때도 쏙 하고 잘 빠져서 정말 좋아요!지지대도 벽에 못 안박아도 고정되는 유형이라 잘 쓰고 있습니다~
"179,000",평점1,옥션,20.11.20.,신일전자 SVC-8858PNX,"조작부에서 손으로 정전기가 튀어서 깜짝 놀랄 때가 한두번이 아닙니다. 이 때문인지는 모르겠지만 며칠 지나지도 않아서 이제는 충전이 안 되네요.서비스센터에 갔더니 기사라는 사람은 본인은 그런 증상은 들어보지도 못했고 애초에 구조상 발생할 수 없는 문제라고 딱 잘라 말하는데, 아니 그럼 사용자가 없는 문제를 있다고 말할까요? 신일이 제조할 수 없는 제품을 제외하고는 선풍기를 비롯해 20년간 계속해서 사용해온 내가 너무 바보처럼 느껴지는 하루였습니다. 이 문제 해결 여부와는 관계없이 앞으로 신일 제품은 사지 않을 것 같습니다. 그냥 엘지 쓰고 말지."
"179,000",평점5,G마켓,21.05.12.,신일전자 SVC-8858PNX,받자마자 제가 신랑없이 혼자 조립했는데도 쉬워요~~^^소리도 생각보다 조용하고(새제품이라 그런진몰라도)배터리가 좋아 힘도 쎄네요~~^^예쁘고 슬림해서 공간도 많이 차지안하고무겁지도 않아 한손으로도 가뿐하네요~~다이슨!!! 부럽지않습니다~~^^
"179,000",평점5,G마켓,21.05.31.,신일전자 SVC-8858PNX,"7,80년대 에어컨이 드물었을 때 신일선풍기로 여름을 나던 추억이 떠오릅니다. 당시 최고였습니다. L사의 무선청소기가 고장나서 검색하다가 신일을 발견하고 무조건 구입했습니다. 일단 가볍고 소음도 적고 1단으로 34평 청소에 무난합니다. 내구성이 이전 선풍기만 하다면 가성비 최고라고 생각합니다."
"179,000",평점5,GSSHOP,20.12.15.,신일전자 SVC-8858PNX,너무 마음에 드네요!!!사무실에서 사용하려고 구매했습니다!자리차지 덜하고 디자인도 깔끔하고 이뻐서 제가 딱 원하던 청소기에요!가볍고 청소하기 너무 편리해요~!!!소음도 심하지 않아서 사무실에서 청소할때 그렇게 귀아프지도 않구요먼지통도 청소하기 편리하고 아직 사용하면서 단점은 못찾았습니다가격대비 완전대만족입니다!!
"179,000",평점5,피닉스,20.09.06.,신일전자 SVC-8858PNX,청소기 자체도 하얀색에 깨끗하고스탠드를 같이 줘서 더 깔끔하게 보관할 수 있습니다 소리는 굉장히 조용한 편이고 흡입력도 만족합니다요 가격대에 이런거 찾기 쉽지 않을 것 같습니다중간에 많이 사용하다가 멈춰서 배터리가 다 됐나 했는데 먼지 필터가 다 차면 멈춘다고 하더라구요 먼지양도 알 수 있어서 좋습니다 청소기 돌릴때마다 앞에 불이 나오는데 처음에는 왜 나오지 하다가 살짝 어두운곳에서 먼지발견할 수 있고 필터도 청소할 수 있어서 좋아요
"179,000",평점5,롯데홈쇼핑,20.09.08.,신일전자 SVC-8858PNX,흰색이라 깔끔하고 거치대가 있어 한쪽에 세워두면 벽에 나사로 뚫지않아도 돼서 너무 좋아요흡입력은 유선을 쓰다 바꿔서인지 와 세다 는 아니지만 집안에서  무선으로 매일매일 청소하기엔 이가격대에 괜찮은것 같아요 노즐도 다양해서 틈새나 컴퓨터 자판등 청소하기도 편하구요충전도 램프로 표시가 되기때문에 충전량도 알수 있어 편리하네요  필터와 통세척도 되니 위생적으로 쓸수 있어요
"179,000",평점4,CJ온스타일,21.04.16.,신일전자 SVC-8858PNX,무선청소기를 많이 써봤지만 가성비는 신일무선청소기가 제일 괜찮은듯 합니다...조립도 간편하고 배터리 완충시 설명서보다 오히려 조금더 길게 사용가능한듯 하구요...소리도 크지않고 무게도 적당한듯합니다...우선 딸아이가 필요시 사용할때마다 제일 괜찮은듯하다며 편리해하네요...그것만으로도 올별 주고싶네요...^^
"179,000",평점5,피닉스,20.08.25.,신일전자 SVC-8858PNX,가격대비 대만족이네요기존에 L사 저가형 무선청소기 사용중이었는데오래되서인지 흡입력도 약해지고해서100만원대 청소기를 사야할까 고민중이었는데 신일 홈피에서 청소기를 보고 후기 검색후 구매했네요조립하기도 쉽고 구성도 좋고 가격도 착하고조립후 잠깐 시험가동하니 먼지도 잘 빨아들이네요참고로 처음엔 차이슨사려다 친정에서 한달도안돼 고장난걸보고 그래도 우리것이 좋지 싶었네요배터리 충전 후 내일 본격적으로 사용해봐야겠어요
"179,000",평점5,하이마트쇼핑몰,21.03.05.,신일전자 SVC-8858PNX,진짜 대박적...이거 가성비 완전 짱이네요..ㅠㅠ본집에는 비싼 고가의 청소기가 있어서 저렴한 무선청소기는 어떨까 걱정도 했는데 이거 완전 좋아요!! 흡입력도 강하고 우선 조용해요 ㅠㅠ 저희집 고가의 청소기보다 조용하더라구요!!  청소할때마다 이거 산거 뿌듯해요 ㅎ 아주 잘 구매했습니다완전좋아요><
"179,000",평점5,G마켓,20.06.23.,신일전자 SVC-8858PNX,첫 인상인 디자인은 밝은 색이라 깔끔해서 좋았습니다. 작동을 시켜보니 흡입력도 괜찮고 소음도 무난한 편입니다.무엇보다도 거치대가 포함되어 있어 편리하게 사용할 수 있을 듯 합니다.사실 성능이야 수치화되어 있으니 비교선택하면 되겠지만 가장 중요하게 생각했던게 보관의 편의성과 디자인이었기 때문에 만족스럽습니다.더불어 신일이라는 국내 회사에서 판매하는 것이라 AS 측면에서도 비교적 믿을만 하다는 점도 이 제품을 선택한 큰 이유 중 하나입니다.신일에서 나온 무선청소기 종류가 많았지만 최신형이기도 하고 디자인도 젤 맘에 들어서 선택했는데 부디 오래 사용할 수 있길 기대합니다.
"179,000",평점5,G마켓,21.04.23.,신일전자 SVC-8858PNX,받고 나서 깜짝 놀랐습니다.각종 청소 부품이 정말 많아요. 벽에 안 박아도 세울 수 있는 청소기 거치대가 정말 마음에 들어요. 소음이 크지 않아 흡입력에 의심을 품었는데 먼지통에 먼지 쌓이는걸 보니 흡입력도 생각보다 좋은듯 합니다.as의심되는 차이슨 보다 신일 무선 청소기 강추합니다.
"179,000",평점5,위메프,20.08.06.,신일전자 SVC-8858PNX,오랜만에 만난 대박 청소기꼭 필요한 기능은 물론 추가옵션 없이 거의 모든 툴이 포함되어있는 상품이네요.다른 청소기랑 비교해도 가격 경쟁력이 있고 정말 고가 제품 못지 않네요.신일이라 국내 AS도 되고 무엇보다가볍고 조용하고 디자인이 예뻐서 만족합니당요즘 청소기 정말 잘나오네요...이게 무슨 색깔이라고 해야되나약간 그레이빛 도는 차분한 민트??? 고급진게 정말 예뻐요저희집에서 강아지를 키우는데 그동안 개털 제거하기 넘 힘들었는데이 제품은 정말 말끔하게 제거...별 열개 드립니다저 원래 상품평 잘 안쓰는데 감덩 대박나세요
"179,000",평점5,G마켓,20.10.22.,신일전자 SVC-8858PNX,"다ㅇㅇ은 쓰다가 고장나면 부품도 없고 AS 한참걸려서저렴한 무선청소기들로 적당히 쓰다가 교체하곤 하는데차이슨에 비해 확실히 튼튼하고 견고합니다.흡입력은 2단으로 쓰면 왠만한건 다 흡입되고요구성품도 빠짐없이 다주고, LED랑 바람이 나오는 기능도 넘 좋네요.무엇보다 디자인이 깔끔하게 잘 빠졌어요.사진보다 실물이 훨씬 예쁘네요.국내 AS 된다고 하니 이번엔 오래 써볼 생각이예요."
"179,000",평점4,GSSHOP,21.03.12.,신일전자 SVC-8858PNX,흡입력 이만하면 만족이구요허나 무게감은 어쩔수 없네요조용해서 사용합니다만 유선이 역시 가볍고 빨리빨리 밀기좋아요 이청소기는 참 조심해서 천천히 밀어야해요 이유는ㅡ무게감 때문에 밀때 훅 나가버리니까요가구도 다치고 청소기도 다치고조용합니다흡입력 조아요무게감에 조심히 밀어야하고손목 아파요  천ㅡ천히 여유있게 하셔야합니다
"179,000",평점5,G마켓,20.12.11.,신일전자 SVC-8858PNX,청소기가  거의 돈백정도 하는 것도 마음에 안들고  가격도 부감스러워저렴하면서 고가의 제품과 디자인과 성능이 비슷한 제품이 없을까 여러제품을 검색을 하다가 디자인과 색상 그리고 더구나 모터는 신일이라는 생각에 이제품 선택을 했는데도착즉시 바로 사용을 해보니 역시 흡입력과 디자인 모두 만족스럽네요^^제품을 잘 구매한것 같아 기분이 좋습니다.
"179,000",평점5,G마켓,21.02.02.,신일전자 SVC-8858PNX,"유선청소기만 쓰다 처음 무선청소기를 구매하였습니다.이리저리 알아보다 신일 제품을 선택하였는데 첫번째로 가격 때문입니다.신일청소기 선택 후 사용기를 찾아보고 평이 좋아 주문했습니다.제품을 받아보고 세번 만족했습니다.가격에 만족, 구성품에 만족, 청소성능에 만족.유선청소기만 쓰다 이 가격대의 무선청소기가 잘될까 싶었는데 저의 생각은 빗나갔네요.집안 청소도 잘 되고 자동차 실내 청소도 잘되네요 아주 만족합니다.주위에 무선청소기 알아본다면 추천하겠습니다."
"179,000",평점5,GSSHOP,20.08.09.,신일전자 SVC-8858PNX,기존 필립스 유선 청소기를 사용하고 있는데 고양이 입양후부터는 쉽게 사용 할 수 무선청소기를 GS홈쇼핑에서 검색하던중 신일제품으로 2020년 신제품이 눈에 띄었습니다.중국에서 만든거지만 그래도 신일산업이고 해서 구입했는데 대기업 상품 못지 않은 훌륭한 상품입니다. 탁월한 선택이였습니다. 같은 모델은 아니지만 신일 상품 성능 인정으로 다른 모델을 남동생한테 추가 구매하여 선물 하였습니다. 지인한테 강추 하겠습니다.
"179,000",평점5,피닉스,20.09.14.,신일전자 SVC-8858PNX,"어머니께 선물로 보내드렸더니 너무 좋아하시네요!! 첫째로 가벼워서 좋고, 쓸때마다 비우면 되는 사이즈라서 더 좋다고 하시네요.  친언니는 큰 돈 주고 산 다른 회사 청소기 쓰는중인데 만약에 고장나면 이 제품으로 바꾸겠다고 하네요!! 감사합니다. 신일 더 성장하시길 기원합니다!!"
"179,000",평점4,G마켓,20.12.08.,신일전자 SVC-8858PNX,"기존에 쓰던 무선청소기 베란다용으로 빼고 새로 구입한건데.. 1년반 정도 사용하던 기존꺼보다 흡입력이 약하네요..가격은 이게 더 비싼데 ㅎㅎ디자인은 괜찮구요 소음은 보통이에요.조립설명서가 없어서 15분정도 걸렸네요 ㅠ.ㅠ거치대가 조금 약해보여요.헤드쪽이 가벼워서 그런지..모터쪽이 살짝 무겁게 느껴지고,방향조정이 아직 적응이 안되네요ㅎㅎ적응하면 괜찮을 것 같아요 ㅎㅎ고장없이 오래 사용할 수 있으면 좋겠네요"
"179,000",평점5,G마켓,20.07.31.,신일전자 SVC-8858PNX,2년전 무선청소기 홈쇼핑에서 구입해 사용하고 있는데흡입력이 안좋아서 특히 머리카락흡입이 거의 안되어서스트레스받는중 그냥 아까워도 바꿀려고 폭풍검색~넘비싼제품은 부담되고 그만큼의 가치의 의문과?후기좋고 신일믿고 구입했네요한마디로 완전~~맘에 들어요가격도 착하고 소음적고 흡입력좋고~~!단지 밀고 당길때 기계음이 아랫부분에 조금 나는것제외하고요~요건 뭐 애교로^^
"179,000",평점5,G마켓,20.10.04.,신일전자 SVC-8858PNX,"타 대기업제품을 사용해본 친구가 가격과 성능면에서 아주 만족스럽다고 합니다. 간편하고 디자인도 너무 예쁘고 ~ 소음도 적어요 !!! 생각보다 소음이 좀 있다고 하는 후기를 보고 걱정했는데 아주 만족스럽습니다. 아무래도 배터리가 청소기 바디에 있기때문에 유선청소기보다 무겁게 느껴질 수 잇지만, 유선청소기 들고 다닌다고 생각하면 훨씬 가볍죠 ㅎ 무게감이나 소음, 성능, 가격 모두 만족스럽습니다. 감사합니다. 본가에도 하나 사드릴까 고민중이예요 ~"
"179,000",평점5,G마켓,20.07.16.,신일전자 SVC-8858PNX,롯*청소기랑 고민하다 신일 믿고 샀는데 모터 소리 부드럽고 아이들 동영상도 편안히 볼수있고 핸들링도 좋았어요무엇보다 거치대가 있어서 종류별로 브러쉬 바꿔가며 쓰는것도 편하게 되어있어 세상좋으네요 색상도 상콤하니 포인트 예뻐요청소기 돌리고 먼지통 청소하는데 필터4중으로 아주 잘되어있고요 먼지통 분리되는게 정말 편합니다 오래 쓸수 있길 바래봅니다
"179,000",평점5,G마켓,20.07.13.,신일전자 SVC-8858PNX,"빠른 배송  잘 받았습니다받아서 바로 사용 해봤는데 좋네요첫인상이 좋았어요이중포장을 제거하고 나니... 하얀 본체가 이뻤네요.그리고 장점으로는 우선 가벼워요,,  빨아들이는 힘이 좋아요(1단, 2단 사용할수 있어요),  사용후 관리가 편해요, 정말 가성바는  최고인것 같아요비싼것 브랜드 제품보다 신일것 사기 잘한것 같아요"
"179,000",평점5,G마켓,20.07.22.,신일전자 SVC-8858PNX,"장점:가격 대비 디자인과 성능이 아주 우수하고 배터리도 오래가요. 집안 곳곳을 깔끔하게 청소하기에 아주 좋습니다.액세서리도 많이 제공되어 좋고 먼지청소통을 비우기가 쉽고 헤파필터가 있어서 마음이 놓입니다.단점: 마룻바닥에 청소기 밀때 플라스틱 바퀴 굴러가는 소리가 끼기긱~거슬림 , 여자가 사용하기엔 본체가 다소 무거운 편종합:구입을 강력추천"
"179,000",평점1,GSSHOP,20.08.12.,신일전자 SVC-8858PNX,1.무거움(한손으로는 무리이고 두손으로 받쳐가며 사용해야함)2.배터리 발열(연속으로3~4분 사용시에도 발열이 심함)3.흡입력이 약함(흡입구가 잇는 가운데 외에 닿을경우 청소되지않음 정확히 램프잇는 가운데로 해야만 흡입됨)4.매뉴얼불친절(제품의 조각들은많은데 조립의 순서나 설명이 없음 완성된사진보고 짜맞추기해야함)이미 개봉하여 반품하지못해 쓰지만 돈아까운투자라고생각합니다
"179,000",평점3,G마켓,20.11.20.,신일전자 SVC-8858PNX,"사용중 밧데리 표시기 이상, 충전중 표시등도 이상!신일 전자 제품에 대한 실망!AS센터 찾아 갈려니 영,귀찮아 죽겠네여!신일 제품 왜이래여???그런데 사용 청소 성능은 가성비가 조금 괞찬은 것 같은디, 그래도 이거는 무언가 큰 제작 불량인둣~~~"
"179,000",평점5,G마켓,20.07.09.,신일전자 SVC-8858PNX,청소기없이살다가 이번기회에 장만하고자 찾다가평소가전제품을 신일제품을 많이애용해서찾아봤는데 후기도괜찮고 물건도가격에비해 괜찮다고해서언능구입했는데 역시나 생각외로 흡입력도좋고  부속품도다양해서 하나로쓰는게아니라 위생적으로 관리할수있을꺼같아서 좋았다.살짝무겁긴하지만 끌고다니는거라 크게무리는없을듯고장나지않게 잘쓰길바라며
"179,000",평점5,옥션,20.10.11.,신일전자 SVC-8858PNX,"BLDC 모터 적용된 신일 무선 청소기 중 사양/가격/구성품 및 후기가 가장 맘에 들어 구매했습니다. (처가 선물용)다른 청소기에 없는 블로어(바람쏘기) 도구도 있고, 배터리 분리형에 디자인, 스탠드, 그리고 가장 중요한 흡입력/소음 모두 아주 좋습니다 ^^한가지 아쉬운 점이 틈새 및 펫 청소도구 연결에 사용하는 연결조인트 부품이 맞지를 않네요. 이 부품만 교환되면 100점 주어도 될 것 같습니다.고장나지 않고 오래 사용했으면 좋겠어요."
"179,000",평점5,G마켓,20.09.17.,신일전자 SVC-8858PNX,터보로해도 소음이 그렇게 크지않아서 좋아요 흡입력은 계속 써봐야 알겠지만 나쁘지않아요^^ 선물해드렸는데 너무 좋아하셔서 뿌듯합니다 디쟈인도 화이트톤 집안이랑 너무 찰떡이구요 이뻐요 ㅎㅎ 신일꺼라 as도 보장되고 너무 만족스럽네요 좋아요 거치대까지 완벽 ??
"179,000",평점4,CJ온스타일,20.11.18.,신일전자 SVC-8858PNX,a/s를 생각해서 차이슨보다 신일제품을 선택했어요거치대도 있어 좋고 세기가 생각보다는 약하지만 세컨 청소기로 쓸만해요좀 더 세면 더 좋을 듯 해요배터리가 얼마 갈 진 모르지만 오래 잘 썼으면 좋겠어요안내책자에 거치대 사진이 나와 있으면 좋을 듯해요 거치대에 꽂는 것이 좀 헷갈리네요
"179,000",평점5,G마켓,20.09.13.,신일전자 SVC-8858PNX,유선 사용하니 본체 끌고다니기 힘들어서 이번에 무선 알아보다가 메이저는 부담돼서 찾던중 신일BLDC 모터 제품을 알게됐습니다.신일 선풍기의 명성에 걸맞을거란 기대감을 안고 구입하게 되었는데요  조잡하지 않고  기대이상이라다시금 신일에대한 투철한 믿음이 생깁니다.
"179,000",평점4,G마켓,20.10.08.,신일전자 SVC-8858PNX,툴앤툴ㆍ롯데청소기를 샀다가 헤드와먼지통이2개월마다 끊어져서 as요청도 해보았지만 고객잘못이 크다고 하여 툴앤툴1년 롯데청소기 6개월만에 바꾸었네요 그지같이 만들어서 이제 마지막으로 이제품 구입했는데 잘되겠죠이회사도 나중에 as잘해 주었음 좋겠네요팔면 그만인 회사가 많아서
"179,000",평점1,G마켓,20.12.10.,신일전자 SVC-8858PNX,'신일'이라 믿고 샀습니다.  정말 실망 했습니다. 신일 하면 모터니까.  소음도 신경안썼고 그저 흡입력만 좋았으면했는데 정말 실망 입니다.  머리카락 정도 빨이 들이네요.  큰 기대는 안했는데 중국산 3만원짜리 핸드 청소기 보다 못한 흡입력에 정말 큰 실망입니다.  반품기간 지나서 그냥 씁니다.
"179,000",평점4,G마켓,20.08.29.,신일전자 SVC-8858PNX,대부분의 무선청소기는 무겁다는 사용후기에 걱정했지만 실제로 사용해보니 잘 모르겠어요 저는 오히려 유선 청소기 끌고 다니며 청소하다 무선으로 움직이니 편해서 무겁다는 생각은 안드네요부드럽게 밀려서 느낌이 좋아요 타사 사력고 하다 항공모터라 흡입력이 좋다고 해서 구매했는데 비교할 수는 없어서 그런대로 만족합니다
"179,000",평점1,GSSHOP,20.10.20.,신일전자 SVC-8858PNX,구입 후 3일 사용하고 본체가 고장! as센터에 직접 가져가서 수리를 맡겼지만 열흘이 넘도록 깜깜 무소식! 언제 보내줄거냐고 항의 불만을 제기하니 그 때서야 보내주네요. 선풍기로 유명한 신일을 믿고 구입했는데...쩝. 제품 만족도 최저! As처리 만족도 최저!
"179,000",평점3,G마켓,20.08.04.,신일전자 SVC-8858PNX,가격도 합리적인듯 하고 생각보다 가볍고 디자인은 맘에 드는데 송풍구 뚜껑이 조립되지 않고 배송 되었슴.(다시 조립도 어렵고 하지 못하겠슴)그리고 보조바퀴에서 소음이 심함(재질상의 문제로 보임). 교환을 요청하고 싶지만 당장 사용해야 되서....많이 아쉽습니다.
"179,000",평점5,G마켓,20.07.16.,신일전자 SVC-8858PNX,성능이나 소음같은건 괜찮아요. 구성품도 이것저것 많은데 침구청소헤드로 침대 한번 밀었더니 미세먼지 같은 아주 작은 입자 먼지들이 쪼금 걸러나왔네요. 강아지 키우는데 우리 애가 털갈이 중이라 수시로 청소하게 되니까 유선은 아무래도 귀찮고 그래서 무선 구매했는데 만족합니다
"179,000",평점5,GSSHOP,20.08.12.,신일전자 SVC-8858PNX,청소기 너무 가볍고 예쁘네요..!!한번 풀충전 하면 거실이랑 방 두개 거뜬히 청소되구요여자가 들고다녀도 힘들지 않고 손목도 안아파요ㅎㅎ여태 써본 무선청소기 중에 가장 맘에 들어용국내 A/S도 된다고 하니 오래오래 쓰고 싶네요ㅎㅎ가성비 대만족 입니다!!
"179,000",평점5,SSG닷컴,20.08.06.,신일전자 SVC-8858PNX,"차이슨 사려다가 가격차이가 얼마 안나서
신일 무선청소기를 선택했는데요~
가격대비 아주 훌륭합니다!
디자인도 깔끔하고, 먼지통이 길쭉해서
무겁지도 않고~ 구성품도 왠만한거 다 있어요
흡입력도 좋고 국내 as가능해서 믿고 쓰고 있어요^^
더 번창하세요~!"
"179,000",평점5,G마켓,20.06.26.,신일전자 SVC-8858PNX,중저가형 청소기 찾아보다가 밝은색 청소기가 맘에 들어서 구입했는데배송도 빠르고 포장도 꼼꼼하고청소툴도 다양하고 거치대도 두종류나 주시고가격대비 너무 만족스럽습니다^^국내 브랜드라 AS 걱정없이 오래 쓸 수 있을거 같아요브러쉬 바꿔가며 청소해봤는데 흡입력 짱짱합니다!가성비 대만족이예요~
"179,000",평점1,G마켓,20.09.30.,신일전자 SVC-8858PNX,청소를 하루에 한번 정도 하는데 빨간불이 켜지더니 충전 중에도 파란불빛 네개가 깜빡이고 청소중에도 금방 전기가 나갑니다. 설명서를 보면 막힌곳이 있어서 빨간불이 뜬다는데 막힌 곳도 보이지 않고 이렇게 짧은 시간에 고장이 나니 속상합니다. 환불이나 새제품으로 교환을 받고 싶습니다.
"179,000",평점5,G마켓,20.06.22.,신일전자 SVC-8858PNX,차이슨 사려다가 국산 브랜드로 선택했는데 후회없는 선택이였네요. 일단 디자인이 멋있고 시끄러운 소음이 안나요.구성품도 너무 많아서 다 쓸수 있을지 모르겠네요.ㅋㅋ가벼워서 여기저기 들고다니기 좋고 청소 깨끗이 잘됩니다~청소하면서 배터리 잔량 보기도 편하네요.차이슨이랑 가격차이도 얼마 안나고 훨씬 좋습니다.
"179,000",평점1,GSSHOP,20.11.16.,신일전자 SVC-8858PNX,최악의상품이다.구매한달만에사용...타사제품보다가벼워좋다고생각했는데충전이안되고계속불만깜박거려as받으려니전화가안된다.전화를받아야as신청을하지~물건을팔때와같은마음으로as도편리했으면차~암좋겠다.돈만날린거같다.
"179,000",평점1,G마켓,20.08.29.,신일전자 SVC-8858PNX,모터는 생각보다 조용해요~다른 제품에 비해서~여러가지 부속품은 많은데~그닥 사용은 안해요~~뭔가 사용해 보면 아쉬운~사용하보니 밧데리 쪽에 문제가 많아요~금방 소모되고~ 충전이 안되서 벌써 2번째 as 보냈어요~ 이번에도 수리가 제대로 안되면~ 포기 ~
"179,000",평점4,G마켓,20.09.16.,신일전자 SVC-8858PNX,메인은 유선청소기 사용하고 가볍게 사용하려고 구매했어요.생각보다는 살짝 무거워요.흡입은 잘 되는데 바닥에 있는게 걸러지지않고 다 흡입되서 빼다보니 쫌 귀찮기도해요. 침구청소기 노즐도 있어서 아침에 일어나서 침구청소 한번 돌리니 좋네요.
"179,000",평점4,G마켓,20.09.01.,신일전자 SVC-8858PNX,무선청소기 입문하신다고 하나 찾아보래서 적당한거 부터 하나 사려고 찾다가 중국제로 가려다 신일이 as도 그렇고 행사도 하길래 구매 했는데 어머니께서 괜찮은거 같다고 하시네요 두개사려다 쿠폰도 한도가 걸려서 하나만 구매했는데 나중에 행사하면 하나더 사야겠어요 ㅎ
"179,000",평점1,GSSHOP,20.08.04.,신일전자 SVC-8858PNX,바닥청소는 잘되는데 침구청소 부러쉬가  침대매트리스커버에 딱 달라붙어서 움직이질 않으니 이걸 침구부러쉬라고 구성에 넣어놨는지 이해가 안되네요 침구청소기 여러제품 써봤지만 이렇게 딱 달라붙어서 청소 자체가 안되는건 처음이네요
"179,000",평점5,피닉스,21.11.18.,신일전자 SVC-8858PNX,이렇게 가성비 좋은 청소기가 또 있을까싶네요.정말 좋네요.
"179,000",평점5,뱅스몰,21.12.29.,신일전자 SVC-8858PNX,구성품 모두 잘왔네요~ 처음써보는 브랜드이지만 흡입력도 좋고 생각보다 무겁지 않아서 좋아요.거치대에 조립할 나사가 동봉되지 않아서 불안한것 빼곤 만족스러워요
"179,000",평점5,뱅스몰,22.01.02.,신일전자 SVC-8858PNX,잘빨아들이고 소음도 적어요.유투브 추천보고 샀는데 만족합니다.
"179,000",평점5,피닉스,21.11.19.,신일전자 SVC-8858PNX,국산 무선 청소기중에서 제일인 거 같고요 배송도 빨라서 너무 좋았습니다
"179,000",평점4,피닉스,21.11.21.,신일전자 SVC-8858PNX,"흡입력이 쎄서 좋은것 같으면서도 산지 얼마 안됬는데금방 꺼지고 그래용,. 충전해서 썼는데도 그래요"
"179,000",평점4,피닉스,21.11.11.,신일전자 SVC-8858PNX,부모님 사드렸습니다 음 잘쓸게요
"179,000",평점5,피닉스,22.01.04.,신일전자 SVC-8858PNX,먼저 쓰던 청소기가 태팔이였는데 그것보다 훨 가볍고 힘도 좋네요!!! 물론 가격도 더 저렴하구요!!간만에 그 유명한 싸고 좋은걸 사서 완전 만족 입니다!!!
"179,000",평점5,피닉스,21.12.16.,신일전자 SVC-8858PNX,"흡입력,무게,디자인 다 마음에 들어요. 그런데 본체랑 청소흡입구 쪽과 연결된 긴 봉의 연결부위가 약해요.. 벌써 흔들거려요ㅜㅠ 3년은 쓰고싶은데 내구성이 좀 많이 아쉬워요..."
"179,000",평점5,피닉스,21.10.19.,신일전자 SVC-8858PNX,가성비 좋아요!!!!!!!!!!!!
"179,000",평점5,피닉스,21.10.08.,신일전자 SVC-8858PNX,오우 먄족해요 조립하고 밤이라 15분 사용한게 다지만저렴한가격에 만족도 최상이에요조립하는데 설명이 아쉬웠지만 요래저래조립하여 거실돌리고 침구돌리고 유선청소기랑 별반 차이없는거 같아요~
"179,000",평점5,피닉스,22.01.05.,신일전자 SVC-8858PNX,청소기 대박 만족 ..! 유튜브보고샀는데 저희집 고양이도 맘에 드는거 같아요
"179,000",평점5,피닉스,21.09.30.,신일전자 SVC-8858PNX,빠른배송 감사드립니다^^ 금요일에 받을줄 알았는데 이렇게 빠르게 올줄은!!!
"179,000",평점5,뱅스몰,22.01.04.,신일전자 SVC-8858PNX,생각보다 너무 좋네요 잘쓸께요
"179,000",평점5,피닉스,21.12.22.,신일전자 SVC-8858PNX,흡입력이 약하다고 하시는 분들도 있던데 소음이 확실히 적어서 그렇게 느껴지는 부분인거 같아요 일반가정에서 매우 좋아요!
"179,000",평점5,피닉스,22.01.03.,신일전자 SVC-8858PNX,여전히 잘 쓰고 있어요! 다양한 툴을 가성비 좋게 사용 중이라 만족해요
"179,000",평점4,피닉스,21.12.29.,신일전자 SVC-8858PNX,거치대 하단부가 조금 부실합니다흡입능력하고 가벼운건 정말 좋아요
"179,000",평점5,피닉스,22.01.08.,신일전자 SVC-8858PNX,가성비 좋고 배터리도 대용량이라 잘쓰고 있습니다
"179,000",평점5,피닉스,21.12.28.,신일전자 SVC-8858PNX,설치 후 배치 해 봤습니다ㅎㅎ 살짝 돌려봤는데 정말 조용하네요!! 기존에 쓰던 것 보다 훨씬 소음이 적은 것 같아요. 쓱 한번 돌려봤는데 흡입력도 마음에 듭니다.
"179,000",평점3,피닉스,22.01.07.,신일전자 SVC-8858PNX,상품설명서가 너무 부실한거같아요..
"179,000",평점3,피닉스,21.12.31.,신일전자 SVC-8858PNX,흡입력이 생각보다;;; 좋진 않아요.
"179,000",평점5,피닉스,21.12.20.,신일전자 SVC-8858PNX,가성비 최고감사합니다
"179,000",평점4,피닉스,22.01.05.,신일전자 SVC-8858PNX,음 생각보다 괜찮아요
"179,000",평점5,피닉스,21.12.15.,신일전자 SVC-8858PNX,여러 호환되는 것들을 보관할 수 있어 좋습니다 구석에두고 못쓰는 제품이 많은데 눈앞에 있으니 다용도로 사용 가능하네요 무선 충전이 안되는게 조금 아쉽긴 합니다
"179,000",평점5,피닉스,21.05.09.,신일전자 SVC-8858PNX,기존 쓰고있던 신일 무선보다 가볍고 이쁘고 소음이 적어 좋네요거치대는 타제품보다 불편해요
"179,000",평점5,뱅스몰,21.12.21.,신일전자 SVC-8858PNX,허리가 아픈 엄마를 위해 샀는데 마음에 들어하세요
"179,000",평점5,피닉스,21.12.27.,신일전자 SVC-8858PNX,배송도 엄청 빠르고 제품 퀄리티도 정말 좋습니다.
"179,000",평점5,피닉스,21.12.16.,신일전자 SVC-8858PNX,어제 시켰는데 오늘 왔어요 배송 굿  품질 좋아요
"179,000",평점5,피닉스,21.12.16.,신일전자 SVC-8858PNX,만족합니다.다음에 또 구매 할께요.~~
"179,000",평점5,피닉스,21.12.18.,신일전자 SVC-8858PNX,완전짱짱조아요배송도빠르고
"179,000",평점5,피닉스,22.01.07.,신일전자 SVC-8858PNX,생각한거랑 같아요 좋어요
"179,000",평점5,뱅스몰,21.12.21.,신일전자 SVC-8858PNX,잘 잘받았습니다 좋아요
"179,000",평점5,뱅스몰,21.12.21.,신일전자 SVC-8858PNX,제거 하나 부모남거 하나 샀는데 심플하고 성능도 좋네요
"179,000",평점5,피닉스,21.12.24.,신일전자 SVC-8858PNX,재구매했습니다 가성비짱입니다
"179,000",평점5,피닉스,21.12.15.,신일전자 SVC-8858PNX,흡입력이 강하지는 않지만 적당해요.모양이 예쁘고 사용하기 좋아요.
"179,000",평점5,피닉스,21.12.08.,신일전자 SVC-8858PNX,무선 청소기는 처음이라서 흡입력이 궁금했었는데 너무 좋네요!!
"179,000",평점5,피닉스,21.12.23.,신일전자 SVC-8858PNX,한달동안 이상없이 잘 사용하고 있습니다.
"179,000",평점5,피닉스,21.12.12.,신일전자 SVC-8858PNX,브러쉬 종류가 다양해서 좋아요
"179,000",평점5,피닉스,21.12.17.,신일전자 SVC-8858PNX,조용하고 흡입력도 좋네요~^^
"179,000",평점5,피닉스,21.12.07.,신일전자 SVC-8858PNX,조립도 쉽고 가볍고 좋아요
"179,000",평점5,피닉스,21.12.10.,신일전자 SVC-8858PNX,조아용 ㅎ호싸세삿어요
"179,000",평점5,피닉스,21.12.11.,신일전자 SVC-8858PNX,카펫이며 바닥이며 훌륭하게 작동합니다.가성비 최고의 상품!!
"179,000",평점5,피닉스,21.11.29.,신일전자 SVC-8858PNX,나쁘지 않아요 배송 쏘쏘했고 가성비 좋아요~
"179,000",평점5,피닉스,21.12.04.,신일전자 SVC-8858PNX,고양이가 기존에 쓰던 청소기 부셔먹어서 유튜브 보고 샀는데 잘 산거 같아요! 흡입력 오져용. 뭔가 푹신푹신~~ 근데 연결하는 부분이 조금 조잡한거 같아요! 고양이도 좋아하네요
"179,000",평점4,피닉스,21.11.28.,신일전자 SVC-8858PNX,디자인 깔끔하고 힘좋고 요것조것 필요한 구성품도 모두 만족합니다.
"179,000",평점5,피닉스,21.12.02.,신일전자 SVC-8858PNX,가성비좋아서 어머님 댁에도 놔드렸어요~ㅎㅎ
"179,000",평점5,피닉스,21.12.15.,신일전자 SVC-8858PNX,항상 문제 없이 잘 사용하고 있습니다~~!!
"179,000",평점5,피닉스,21.12.08.,신일전자 SVC-8858PNX,한달사용리뷰입니다 엄청 잘쓰고 있어요 고양이키우는데 아주 유용합니다
"179,000",평점5,피닉스,21.11.29.,신일전자 SVC-8858PNX,"디자인,성능,구성품 전부 좋아요!"
"179,000",평점5,피닉스,21.11.25.,신일전자 SVC-8858PNX,다용도 사용할 수 있는 부품들을 보관할때 항상 창고에 넣어두고 사용하지 못하였는데 거치대가 있어서 편합니다. 충전이 무선이 안되어서 꽃아서 사용하는거 외에는 모든것이 괜찮습니다.
"179,000",평점5,피닉스,21.07.20.,신일전자 SVC-8858PNX,가성비 괜찮은 제품이예요고양이가 있어서 그저그런 청소기는 안되는데 꽤 괜찮음모래도 잘 빨아들이구요펫브러쉬도 괜찮네요
"179,000",평점5,피닉스,21.11.27.,신일전자 SVC-8858PNX,저렴하고 가볍고 무선이라청소하기 넘 편해요~~ 삼성 다이슨 필요없는듯
"179,000",평점5,피닉스,21.11.24.,신일전자 SVC-8858PNX,너무좋고요 사실상 매일쓰는데 왜진작안샀나싶어요
"179,000",평점5,피닉스,21.11.27.,신일전자 SVC-8858PNX,조아용 굿뜨 ㅋㅋ 탁월한선택잘빨리고 너므조음
"179,000",평점5,피닉스,21.12.04.,신일전자 SVC-8858PNX,무선청소기가 확실히 줄이 없어서 편해요?
"179,000",평점4,피닉스,21.11.24.,신일전자 SVC-8858PNX,잘 사용하고 있습니다가성비 갑인제품 맞구요살짝 아쉬운점은 먼지필터 입니다고무패킹부분이 아쉽습니다
"179,000",평점5,피닉스,21.12.04.,신일전자 SVC-8858PNX,화면과 같고 배송이 빨라요
"179,000",평점5,피닉스,21.11.19.,신일전자 SVC-8858PNX,다양한 툴이 있어서 좋아요. 불이 켜져서 먼지가 잘 보이고 각도 조절이 부드럽게 돼서 정말 편하게 청소합니다! 만족해요~
"179,000",평점5,피닉스,21.11.19.,신일전자 SVC-8858PNX,금방 조립해서 아직 사용 전이지만 구성품 빠짐없이 잘 왔고 깔끔한 디자인에 본체도 가벼워서 굉장히 마음에 듭니다.
"179,000",평점5,피닉스,21.11.18.,신일전자 SVC-8858PNX,저희 어머니에게 선물로 드렸는데 정말 좋아하시네요~~~ 물건도 좋고 무게도 가벼워서 잘 쓰고 있습니다.
"179,000",평점5,피닉스,21.11.23.,신일전자 SVC-8858PNX,"기존 유선청소기를 거의 10년 쓰다가 바꿨는데, 기존 것보다 소음이 훨씬 작습니다. 대신 먼지통은 작아요! 조립설명서가 없어 살짝 해매긴 했는데, 사진보면서 조립했습니다. 고장없이 잘 썼으면 좋겠습니다!"
"179,000",평점5,피닉스,21.11.15.,신일전자 SVC-8858PNX,한달 사용한 걸로는 만족합니다. 소리도 아주 쎈 정도는 아니고 흡입력도 괜찮아요.
"179,000",평점5,피닉스,21.11.14.,신일전자 SVC-8858PNX,엄청 비교해보고 결정해서 산건데 후회 없습니다. 가성비로 아주 좋아요
"179,000",평점4,피닉스,21.07.10.,신일전자 SVC-8858PNX,디자인 깔끔하니 좋아요~ 강으로 해보니 생각보다 흡입이 잘되네요ㅎㅎ
"179,000",평점5,피닉스,21.11.23.,신일전자 SVC-8858PNX,적당한크기이고 써봤는데 아주 좋아요ㅎㅎ
"179,000",평점5,피닉스,21.11.23.,신일전자 SVC-8858PNX,역시 좋네요 상품평도좋고 잘사용할게요
"179,000",평점5,피닉스,21.11.19.,신일전자 SVC-8858PNX,너무예쁘고 조용하고 잘 빨려요!!!
"179,000",평점5,피닉스,21.11.14.,신일전자 SVC-8858PNX,문제 없이 잘 사용하고 있습니다~!
"179,000",평점5,피닉스,21.11.17.,신일전자 SVC-8858PNX,배송빠르고 청소잘되고 좋아요
"179,000",평점5,피닉스,21.11.05.,신일전자 SVC-8858PNX,매일 빗자루와 밀대로 집청소를 하다가 유투브로 비교하는 영상을 보고 신일 청소기를 구매했네요 소음도 안크고 머리카락이 잘 들어가서 만족합니다 가성비 갑!
"179,000",평점5,피닉스,21.11.05.,신일전자 SVC-8858PNX,가성비 대비 신일 청소기가 좋다고 해서 구입했습니다.고장 없이 잘 사용했으면 좋겠네요~~
"179,000",평점5,피닉스,21.11.07.,신일전자 SVC-8858PNX,소음이 이전에 사용하던 기펠 무선청소기보다 적고 흡입력도 좋네요~^^ 구성품도 다양해서 만족합니다. 색상도 화이트라 깔끔합니다.^^
"179,000",평점5,피닉스,21.11.12.,신일전자 SVC-8858PNX,흡입력도 기대이상이고 정말 잘 산거 같아요 너무 젛아요! 자취하시는 분들에게 필수템이 델 듯하네요
"179,000",평점5,피닉스,21.11.01.,신일전자 SVC-8858PNX,머리카락이나 애들 과자부스러기 용도로 써요아주 만족합니다
"179,000",평점5,피닉스,21.11.07.,신일전자 SVC-8858PNX,너튜브 비교영상보고 샀는데 기대했던 것보다 흡입력도 훨씬 좋고 이전에 쓰던것보다 훨씬 가볍네요! 코드제로도 써봤는데 이게 가벼워서 훨씬 더 좋은 것 같아요!
"179,000",평점5,피닉스,21.11.06.,신일전자 SVC-8858PNX,간편하고 너무 좋아요근데 청소기 돌릴 때 냄새는 살짝 나요
"179,000",평점5,피닉스,21.11.18.,신일전자 SVC-8858PNX,청소기 성능은 만족합니다^^ 구성품 중에 빠진 것이 있어서 문의 드렸더니 친절하고 빠르게 배송을 다시 해주셨습니다. 만족합니다!
"179,000",평점5,피닉스,21.11.09.,신일전자 SVC-8858PNX,아주 좋아요 배송도 빠르고 서브로 쓰기 좋음
"179,000",평점5,피닉스,21.11.08.,신일전자 SVC-8858PNX,가볍고 저렴하게 구매해서 잘쓰고있어요~
"179,000",평점5,피닉스,21.02.11.,신일전자 SVC-8858PNX,가격대비만족합니다생각보다 조용하고 흡입력도 괜찮은거 같아요일단 무선이라 진짜 편하고 앞에 불들어오는것도 좋은 기능이네욬ㅋㅋ다만 단점이라면 거치후 선을 꼽아줘야 줘야 된다는거..ㅋㅋㅋ
"179,000",평점5,피닉스,21.11.07.,신일전자 SVC-8858PNX,굿굿저렴하게삿어용 ㅎ조아요
"179,000",평점5,피닉스,21.11.04.,신일전자 SVC-8858PNX,가격도저렴하고 성능좋고 편리하고 브러시도실용덕이고 만족합니다
"179,000",평점5,피닉스,21.11.10.,신일전자 SVC-8858PNX,가성비 좋아서 만족스럽음
"179,000",평점5,피닉스,21.11.07.,신일전자 SVC-8858PNX,흡입력 좋아요 만족합니다
"45,900",평점5,온라인파트너 오제,21.08.31.,신일전자 SVC-P5000HP,"핸디형이라 간단히 밀고다니기 너무 좋아요. 다른 브랜드의 핸디보다 딱 신일의 이렇게 생긴  모델이 쓰기가 좋더라구요. 예전에는 몸통이 빨간걸 썼는데, 이건 검은통인데 큰 차이는 모르겠으나 좋아요.집에 커다란 삼성파워건이 있는데 너무 무거워서 손목에 무리가 많이 가더라구요. 그래서 집 전체 청소할때만 사용하고 거의 대부분을 핸디 청소기 써요.ㅎ 가볍고 흡입력 이만하면 괜찮고 아주 만족해요여전히 잘 사용하고있습니다"
"45,900",평점5,온라인파트너 오제,21.12.03.,신일전자 SVC-P5000HP,언니가 신일 싹쓸이 몇 년 전에 샀던 게 아직도 잘 되길래 따라샀어요. 모델은 다른데 이게 핸디형 중에는 흡입력 젤 쎈 것 같더군요. 배송 빠르고 작동 잘하고 아주 맘에 듭니다. 리뷰에서 본 것처럼 완충되어도 계속 빨간 불이에요 ㅎ
"45,900",평점4,온라인 파트너 비바타,21.10.13.,신일전자 SVC-P5000HP,받자마자 본체 부분보니 스크래치가 조금 있었고요 그래도 성능은 이상없어서 반송없이 사용하려고요 그런데 현재 나오는 상품과 이상품 디자인이 다릅니다 색상도 약간 다르고요아마 생산일에 따라 같은 모델이지만 다른가봐요 그래도 성능은 이상 없는것 같아요쓰던게 갑자기 고장나서 일단 휴일껴서 구매해서 집안도 청소해봤는데 괸찮네요
"45,900",평점1,온라인파트너 오제,21.02.19.,신일전자 SVC-P5000HP,어머님이 가벼운게 필요하다 하셔서 주문해드렸는데 연장선 길이가 넘 짧네요. 키가 큰편도 아닌데 제대로 서서 청소기 돌리기 힘듭니다.  흡입력은 가격대비 괜찮으나 방에서 쓰기엔 아이들 장난감 같습니다. 그냥 딱 차량용입니다. 반품비가 다른 상품들보다 엄청 쎄네요. 반품비 아까워 그냥 차에나 쓰려합니다.
"45,900",평점5,G마켓,21.09.10.,신일전자 SVC-P5000HP,청소기가 하나있는데 하나더 작은게 필요해서 주문했어요 ~ 세컨으로 사용하기 딱좋아요 !불편함이 그닥없어요 충전도편하고 추석선물로 몇개 주문해서 할머니댁 보내드렸어요 ~ 의미있는선물이될듯해요 ㅋ 어른들이쓰기에 무겁지않고 좋네요 !
"45,900",평점5,G마켓,21.09.30.,신일전자 SVC-P5000HP,생각했던대로여서 만족합니다미니 청소기치고는 구성도 괜찮은 편이고 흡입력 나쁘지않고 간편하게 청소할때 너무 편합니다 필요할때 가볍게 구석진곳 어디든 청소가 가능하다는 점 너무 좋습니다아무때나 필요한곳에 청소할수 있어서 너무 좋습니다
"45,900",평점4,옥션,21.03.11.,신일전자 SVC-P5000HP,"대체적으로 맘에 들지만 2% 부족한 신일 무선 핸디형 청소기. 좋은 점은 가볍고 사용하기 편리하고 흡입력도 꽤 센 편이에요. 단점은 연장관이 좀 짧아서 사용하려면 몸을 좀 구부려야 하고 청소하는 바닥면적이 작은 게 아쉽네요,"
"45,900",평점3,옥션,21.09.08.,신일전자 SVC-P5000HP,"제품은 아직 써보진 않았고, 좀전에 택배 찾아와서 지금 충전중입니다. 근데 배송이 진짜 엉망이네요. 경비실에 갖다놓고 배송완료 연락도 없고 ㅋㅋ  배송조회해보니 본인한테 배송한 것처럼 배송완료 처리해놨네요 ㅎㅎ 뭐지 싶어서 경비실 내려가봤더니 택배가 와있네요;;; -_-"
"45,900",평점5,온라인파트너 오제,20.12.14.,신일전자 SVC-P5000HP,가격대비 참 좋아요. 만족합니당. 그냥 정말 가볍게 쓰기에 좋아요  책상.장식장 사이사이 먼지제거에 최고 길게 사용할때 연결대가 길지 않아서 서서 사용할때는 좀 불편. 충전시간에 비해 사용시간이 짧은게 흠이지만 가격대비. 그정도는 감수해야죠. ㅎ
"45,900",평점5,옥션,20.09.28.,신일전자 SVC-P5000HP,충전램프가 안바뀌어서 걱정했지만 이제품은 녹색으로 안바뀌는 제품이라 안심ㅎ그래도 모터제품은 저희 부모님세대부터 신일이 짱인듯 저희집 선풍기도 10년이 넘어도 수리 한번 없이 쓰고 있음 물론 저희집만 그럴수도 있지만요전 신일이 짱임번창하세요~~
"45,900",평점5,옥션,20.09.03.,신일전자 SVC-P5000HP,"""신일 무선 미니청소기"" 강력추천 드립니다!제품 구입후 익일 빠른배송으로 잘 받았습니다.기존 5년 사용한 필립스 미니청소기가 고장나서잘알아보다 구입했는데, 흡입력 좋고 괜찮네요~좋은제품 감사히 잘 사용하겠습니다♡"
"45,900",평점4,온라인파트너 오제,21.12.12.,신일전자 SVC-P5000HP,힘은 나쁘지 않아요 저는 동물 털 청소 할 생각으로 사서 크게 기대를 안했습니다 그런데 생각보다 바람이 너무 나와서 청소할때 먼지를 빨아들이기 전에 날라간다는 단점이 있어여 ㅎ
"45,900",평점5,온라인파트너 오제,22.01.08.,신일전자 SVC-P5000HP,흡입력 좋고 청소 잘되고 좋어여
"45,900",평점5,온라인파트너 오제,21.09.17.,신일전자 SVC-P5000HP,학원에 놓고쓰는데 작고 청소하는데도 잘되네요.가성비.크기강추.자리도 안차지하고 좋습니다.잘쓰겠습니다.
"45,900",평점5,온라인 파트너 비바타,21.12.24.,신일전자 SVC-P5000HP,적당히 혼자 쓰기 좋아요
"45,900",평점5,온라인파트너 오제,21.12.26.,신일전자 SVC-P5000HP,잘 샀어요 마음에 들어요 추천 추천
"45,900",평점5,온라인 파트너 비바타,21.12.15.,신일전자 SVC-P5000HP,좋은 제품 빠른 배송 감사드립니다.
"45,900",평점5,온라인 파트너 비바타,21.12.24.,신일전자 SVC-P5000HP,한 달 사용해도 흡입력 여전합니다
"45,900",평점5,온라인파트너 오제,21.12.24.,신일전자 SVC-P5000HP,작지만 강력하네요.
"45,900",평점5,온라인파트너 오제,21.12.11.,신일전자 SVC-P5000HP,총알 배송으로 받았네요^^ 지인이 사용하고 있는 제품인데 가볍고 성능이 좋다고해서 구매를 했습니다. 아직 충전중이라 완충되면 한번 사용해봐야겠어요^^
"45,900",평점5,온라인 파트너 비바타,21.12.14.,신일전자 SVC-P5000HP,쓰던게 고장나서 주문했는데 배송도 빠르고 좋아용핸디청소기는 고장나면 항상 신일꺼로 재구매해서 쓰고있네요
"45,900",평점4,온라인 파트너 비바타,21.11.17.,신일전자 SVC-P5000HP,충전 완료 불이 따로 없는 거 빼고 다 좋아요
"45,900",평점5,온라인파트너 오제,21.11.23.,신일전자 SVC-P5000HP,선물로 보냈는데 성능이 좋아요~
"45,900",평점5,온라인 파트너 비바타,21.11.13.,신일전자 SVC-P5000HP,배송 빠르고 상품 좋아요
"45,900",평점5,온라인파트너 오제,21.10.24.,신일전자 SVC-P5000HP,개털때문에 주문했는데 가볍고 쓰기편해요.흡입력이 많이 세진 않아요
"45,900",평점5,온라인파트너 오제,21.11.09.,신일전자 SVC-P5000HP,잘 쓰고 있습니다 감사합니다
"45,900",평점5,온라인파트너 오제,21.10.29.,신일전자 SVC-P5000HP,대청소때는 유선쓰지만 평소땐 무선들고 수시로 청소하니 좋아요 흡입력은 쪼금 약한듯해요. 흡입구  솔이  촘촘하지않아 그런듯해요.
"45,900",평점5,온라인파트너 오제,21.10.29.,신일전자 SVC-P5000HP,청소기 생각보다 안작고 엄청 잘되요!!!!
"45,900",평점5,온라인 파트너 비바타,21.10.19.,신일전자 SVC-P5000HP,잘 돌아가네요가볍고 성능좋아요
"45,900",평점5,온라인파트너 오제,21.10.17.,신일전자 SVC-P5000HP,빠른배송감사합니다 가격대비 좋아요 역시 신일
"45,900",평점5,온라인파트너 오제,21.10.01.,신일전자 SVC-P5000HP,간단하게 사용하기 좋아요~
"45,900",평점5,온라인파트너 오제,21.10.08.,신일전자 SVC-P5000HP,잘받았습니다 감사합니다
"45,900",평점4,온라인파트너 오제,22.01.04.,신일전자 SVC-P5000HP,생각보다흡입력은약한데가성비는좋습니다
"45,900",평점4,G마켓,21.12.20.,신일전자 SVC-P5000HP,흡입력 괜찮고 소음은 좀 큰편입니다.  지금까지 핸디형 무선청소기 몇개 써봤지만 1년 되기전에 다 고장나서 여기 제품은 1년넘게 써봤으면 좋겠어요.
"45,900",평점5,온라인파트너 오제,21.08.19.,신일전자 SVC-P5000HP,조립이라고 할 것도 없을 만큼 쉽고 배송도 빠르고 흡입력도 좋습니다. 많이 파세여 :)
"45,900",평점5,온라인 파트너 비바타,21.09.14.,신일전자 SVC-P5000HP,"화장대 밑에 두고 머리카락, 작은 쓰레기 청소하기에 딱이에요ㅎㅎ 너무 편합니다"
"45,900",평점5,G마켓,21.12.22.,신일전자 SVC-P5000HP,아이 원룸에 사용하려고 구매했는데 좋아요
"45,900",평점5,온라인파트너 오제,21.09.10.,신일전자 SVC-P5000HP,가볍게 쓰기 좋아요 잘쓰겠습니다
"45,900",평점5,온라인 파트너 비바타,21.08.30.,신일전자 SVC-P5000HP,배송도 빠르고 상품도 좋습니다!
"45,900",평점4,옥션,21.12.27.,신일전자 SVC-P5000HP,가성비 괜찮고 상품이 좋아요
"45,900",평점5,G마켓,21.12.19.,신일전자 SVC-P5000HP,힘도 적당히 세네요
"45,900",평점5,온라인 파트너 비바타,21.09.03.,신일전자 SVC-P5000HP,깔끔하고 좋아요~~~~
"45,900",평점5,G마켓,21.11.27.,신일전자 SVC-P5000HP,전에 쓰던건 오래된거라 무거웠는데 요 제품은 너무 가벼워요 흡입력도 좋구요..만족합니다
"45,900",평점5,온라인 파트너 비바타,21.08.29.,신일전자 SVC-P5000HP,가성비 좋고 배송도 빠르네요
"45,900",평점5,G마켓,21.12.17.,신일전자 SVC-P5000HP,빠른배송감사합니다 부분부분간단하게 청소하는데는 아주좋아요
"45,900",평점5,온라인파트너 오제,21.12.15.,신일전자 SVC-P5000HP,생각보다 잘 빨려요. 좁은 공간에서 유용하게 쓰일 아이템입니다.
"45,900",평점5,온라인파트너 오제,21.12.15.,신일전자 SVC-P5000HP,엄마가 좋아하세요. 흡수력 좋다네요.
"45,900",평점4,온라인파트너 오제,21.12.15.,신일전자 SVC-P5000HP,아주 좋아요 마니구매하세요
"45,900",평점5,온라인파트너 오제,21.12.09.,신일전자 SVC-P5000HP,팔이아파 가벼운거찾다가 전에 신일꺼썻던기억에 주문햇구요소음적당하고 힘은 쎄진않아도머리카락 먼지등은무난히 빨아들입니다
"45,900",평점5,온라인파트너 오제,21.08.07.,신일전자 SVC-P5000HP,가격대비 만족도는 괜찮아요.메인은  삼성무선을 쓰고 세컨으로 구매했는데 괜찮아요.
"45,900",평점5,옥션,21.12.16.,신일전자 SVC-P5000HP,양이땜에 주문했는데 그럭저럭 쓸만해요..약간의 흡입력이 부족하긴하지만요
"45,900",평점5,G마켓,21.12.06.,신일전자 SVC-P5000HP,딸아이 자취방에서 쓰려구 샀는데 좋다고 합니다!
"45,900",평점5,옥션,21.12.02.,신일전자 SVC-P5000HP,비가와서 그런지박스가좀 마니 젖어서 왔네요
"45,900",평점5,온라인 파트너 비바타,21.08.21.,신일전자 SVC-P5000HP,엄마가 제트보다 가볍다고좋아하세요
"45,900",평점5,인터파크,21.12.13.,신일전자 SVC-P5000HP,원룸에서 사용하기에 딱 좋습니다.
"45,900",평점5,G마켓,21.12.12.,신일전자 SVC-P5000HP,배송빨라요~~~~~~~
"45,900",평점4,옥션,21.11.26.,신일전자 SVC-P5000HP,가볍게쓰기 좋아요. 가볍고 편해요
"45,900",평점5,옥션,21.11.24.,신일전자 SVC-P5000HP,고마워요 잘 받았습니다
"45,900",평점5,옥션,21.12.03.,신일전자 SVC-P5000HP,가볍네요 ~~~
"45,900",평점5,온라인파트너 오제,21.06.27.,신일전자 SVC-P5000HP,배송도 빠르고 제품포장도 맘에듭니다성능이야 이가격에 기대는 안했지만 쓸만합니다고출력을 기대하려면 당연히 비싼거 사세요저렴한거 사면서 얼마나 잘 흡입되기를 바라시나요^^전 맘에 듭니다~^^
"45,900",평점5,온라인파트너 오제,21.08.04.,신일전자 SVC-P5000HP,별문제없이 잘쓰고 있습니다들고다니면서 구석구석 잘쓰고 있네요 흡입력도 이정도면 충분합니다감사합니다
"45,900",평점5,온라인파트너 오제,21.11.17.,신일전자 SVC-P5000HP,사용하기 편리한 미니 사이즈고 무게도 가벼워서 부담없이 쓰기 좋아요.
"45,900",평점4,온라인파트너 오제,21.11.19.,신일전자 SVC-P5000HP,생각보다 소리가 크지만 흡수력 좋아요
"45,900",평점5,온라인파트너 오제,21.11.13.,신일전자 SVC-P5000HP,귣굳 만족합니다!잘사용하고있어요!
"45,900",평점5,옥션,21.11.17.,신일전자 SVC-P5000HP,아주 좋음! 가격 대비 성능
"45,900",평점5,G마켓,21.11.21.,신일전자 SVC-P5000HP,신일 청소기 좋네요 별기대  안햇는데 머리카락등  작아도  잘되네요
"45,900",평점5,온라인 파트너 비바타,21.06.16.,신일전자 SVC-P5000HP,소리가 크기는 하지만 미니청소기치고는 흡인력 괜찮아요. 노즐 다양해서 편리하네요.
"45,900",평점5,옥션,21.11.02.,신일전자 SVC-P5000HP,첨으로 구맹뱄는데 가볍고가성비에 한번더 놀라웠습니다 흡입력도 굿 ??
"45,900",평점5,온라인 파트너 비바타,21.07.18.,신일전자 SVC-P5000HP,우선 가벼워 손목이 안아파서 좋아요..청소를 자주 하게 되었네요~~비싼 청소기 필요없어요~~^^
"45,900",평점5,온라인파트너 오제,21.11.04.,신일전자 SVC-P5000HP,친구 자취선물로 줬는데 만족하며 잘 쓰고 있답니다~
"45,900",평점4,옥션,21.11.10.,신일전자 SVC-P5000HP,가격대비 제품이 좋습니다. 구입하길 잘했군요...
"45,900",평점5,G마켓,21.11.03.,신일전자 SVC-P5000HP,생각보다흡입력 좋고 한일꺼라 믿고샀습니다.
"45,900",평점5,G마켓,21.11.07.,신일전자 SVC-P5000HP,지인 필요해서 주문해줬어요 만족해하네요
"45,900",평점5,G마켓,21.11.03.,신일전자 SVC-P5000HP,잘 받았습니다작지만 강하네요
"45,900",평점5,온라인파트너 오제,21.06.27.,신일전자 SVC-P5000HP,만족하며 사용중입니다~
"45,900",평점4,옥션,21.11.05.,신일전자 SVC-P5000HP,잘 받아서 충전중입니다
"45,900",평점5,옥션,21.11.03.,신일전자 SVC-P5000HP,가성비 좋아요
"45,900",평점4,온라인파트너 오제,21.06.21.,신일전자 SVC-P5000HP,좋네요 근데 무거운건 안빨리네요 그래도 가성비 굿
"45,900",평점5,G마켓,21.10.21.,신일전자 SVC-P5000HP,크기가 작지만 가볍고 흡입력은 셉니다. 강추해요. 원룸에 그리고 살짝 청소기를 돌려야할때넘 좋아요. 대박나세요
"45,900",평점3,온라인파트너 오제,21.06.26.,신일전자 SVC-P5000HP,흡입력이 약합니다. 좀 더 가격을 올려 신일 센걸 구입해야 할까봐요ㅠㅠ
"45,900",평점5,옥션,21.10.22.,신일전자 SVC-P5000HP,괜찮네요 가격대비 만족합니다
"45,900",평점5,G마켓,21.10.27.,신일전자 SVC-P5000HP,"배송굿, 잘 사용하고 있습니다."
"45,900",평점4,온라인 파트너 비바타,21.06.17.,신일전자 SVC-P5000HP,가벼워서 좋아요..
"45,900",평점5,G마켓,21.10.11.,신일전자 SVC-P5000HP,작동이 잘되네요 소리는 조금 크긴하지만
"45,900",평점5,인터파크,21.10.20.,신일전자 SVC-P5000HP,저렴하구 사용하기 편해요
"45,900",평점5,G마켓,21.09.29.,신일전자 SVC-P5000HP,빨리 부숴져서ㅡㅡ 고민하다 신일걸로 샀는데 너무 좋으네요역시~  잘쓸께요작은방에는 부족함이 없습니다
"45,900",평점4,G마켓,21.10.18.,신일전자 SVC-P5000HP,신일 핸디형 가정용 미니 무선 청소기 SVC-P5000HP 청소기 수령했읍니다.
"45,900",평점5,G마켓,21.10.04.,신일전자 SVC-P5000HP,4개주문했어여 제가쓰는것까지5개입니다충전편하구 잘 빨리고 이거만해도 충분히 제값합니다좋아요 !!
"45,900",평점3,롯데홈쇼핑,21.06.05.,신일전자 SVC-P5000HP,딱 가격만큼 입니다. 가볍게 먼지 제거용으로 사용하려고 구입했어요.
"45,900",평점4,G마켓,21.10.04.,신일전자 SVC-P5000HP,제가써보고 좋아서선물했어여 추석에 4개주문해서 드렸는데 다들좋아하시네요 만족입니다. 부담스럽지않은선물이에요 제품 써보시면 압니다
"45,900",평점4,롯데ON,21.10.07.,신일전자 SVC-P5000HP,싸게 잘 살듯 하나 싼티는 나네요.ㅎ
"45,900",평점5,G마켓,21.10.01.,신일전자 SVC-P5000HP,생각보다 성능좋아서 만족해요
"45,900",평점5,공구앤,21.10.02.,신일전자 SVC-P5000HP,가성비 좋슨것같아요
"45,900",평점4,온라인파트너 오제,21.05.09.,신일전자 SVC-P5000HP,"한 달 넘게 사용하고 있는데, 소음이 좀 큰 것 빼고는 가격대비 만족스러워요! 흡입력도 괜찮은 것 같네요~"
"45,900",평점5,G마켓,21.09.27.,신일전자 SVC-P5000HP,할머님들께 선물드렸는데 좋아하셨어여제가직접쓰고있어서 믿고 구매했어요빠른배송감사해요
"45,900",평점4,G마켓,21.08.25.,신일전자 SVC-P5000HP,기존청소기배터리다되서 급하게 샀는데 잘되네요 소파청소만하려고산건데 가볍고좋네요^^ 고장안나고 오래쓸수있길바래요~
"45,900",평점5,온라인파트너 오제,21.05.26.,신일전자 SVC-P5000HP,부모님댁에 보내드렸는데 엄청 잘된다고 하셔요~
"45,900",평점4,온라인파트너 오제,21.09.24.,신일전자 SVC-P5000HP,가격대비 성능 좋네요.편리하게  사용할께요.
"45,900",평점5,온라인 파트너 비바타,21.09.16.,신일전자 SVC-P5000HP,"자취하는 아들이 쓰는데, 가격대 만족한다고 합니다. 잘~~~쓰고 있습니다. 강추~~~~~~~~~~~~"
"45,900",평점5,온라인파트너 오제,21.08.26.,신일전자 SVC-P5000HP,성능좋고 좋아요~맘에들어요
"45,900",평점5,온라인파트너 오제,21.05.29.,신일전자 SVC-P5000HP,불편하지않아 울집대표 청소기가되버렸네요들기시작하면 온집안을 청소하고 다니네요
"45,900",평점5,인터파크,21.09.25.,신일전자 SVC-P5000HP,가합니다 가성비 좋네요
"45,900",평점4,온라인파트너 오제,21.04.01.,신일전자 SVC-P5000HP,흡입부가 작아서 아쉽고 아빠키에 비해 청소대가 짧대요ㅜ 허리 숙여야 해서 아쉽다네요 그래도 가격대비 나쁘지 않아여
"45,900",평점5,온라인파트너 오제,21.08.25.,신일전자 SVC-P5000HP,부모님이 사용하기좋다고 좋아하시네요!크기도 딱알맞고 수시로사용하기좋아요
"45,900",평점5,G마켓,21.09.07.,신일전자 SVC-P5000HP,소형청소기라머리카락제거용으로구입
"45,900",평점5,온라인파트너 오제,21.09.01.,신일전자 SVC-P5000HP,무선이라 간편해서...쓰기 좋아요..전 반려견이있어..항상 털 날림이 걱정인데...그때그때 바로바로 쓸수있어 좋습니다.
"45,900",평점5,온라인 파트너 비바타,21.05.20.,신일전자 SVC-P5000HP,그럭저럭 괜찮은 듯
"45,900",평점5,옥션,21.09.11.,신일전자 SVC-P5000HP,가볍고 편해요
"45,900",평점5,옥션,21.09.03.,신일전자 SVC-P5000HP,잘쓰겠습니다
"45,900",평점5,롯데ON,21.09.12.,신일전자 SVC-P5000HP,빠른 배송 감사합니다!
"45,900",평점5,G마켓,21.09.14.,신일전자 SVC-P5000HP,원룸에서  사용하려고  구입했네요. 사용하가 간단하니 좋네요.
"45,900",평점5,온라인파트너 오제,21.04.27.,신일전자 SVC-P5000HP,로봇 청소기 보조용으로 샀는데 흡입력도 좋고 만족해요!
"45,900",평점3,온라인파트너 오제,21.01.15.,신일전자 SVC-P5000HP,배송도 빠르고 좋아요 근데 상품이 뜯어져있어서 ..
"45,900",평점5,온라인파트너 오제,21.05.02.,신일전자 SVC-P5000HP,간단하게 청소용으로 잘 쓰고 있어요
"45,900",평점5,온라인 파트너 비바타,21.08.19.,신일전자 SVC-P5000HP,작아도 성능 굿 오피스텔서 ㅆ긔좋슴
"45,900",평점5,온라인파트너 오제,21.05.05.,신일전자 SVC-P5000HP,지금도 잘 사용하고 있어요
"45,900",평점5,옥션,21.08.15.,신일전자 SVC-P5000HP,저렴하게 잘 구입했어요
"45,900",평점4,옥션,21.08.26.,신일전자 SVC-P5000HP,빠른 배송 감사합니다
"45,900",평점4,온라인파트너 오제,21.04.14.,신일전자 SVC-P5000HP,흡입력이 조금약하고 선이 좀짧긴하나 가격대비 쓸만합니다
"45,900",평점5,온라인파트너 오제,21.03.22.,신일전자 SVC-P5000HP,소리가 작고 흡입력도 괜찮아요 무선이라 편해요
"45,900",평점5,온라인파트너 오제,21.04.13.,신일전자 SVC-P5000HP,좋은 가격에 구매해 잘 쓰고 있습니다.
"45,900",평점5,온라인 파트너 비바타,21.04.25.,신일전자 SVC-P5000HP,방에서 소소하게 쓰기좋아요
"45,900",평점5,온라인 파트너 비바타,21.04.15.,신일전자 SVC-P5000HP,너무 가볍고 쓰기 편해요.
"45,900",평점3,옥션,21.08.18.,신일전자 SVC-P5000HP,물건은 잘 받았습니다...
"45,900",평점4,옥션,21.08.16.,신일전자 SVC-P5000HP,좋습니다...
"45,900",평점5,공구앤,21.08.09.,신일전자 SVC-P5000HP,머리카락 흡입할려고 구매했어요간단한 청소도 편하고 흡입려고 좋은편입니다
"45,900",평점5,온라인 파트너 비바타,21.03.19.,신일전자 SVC-P5000HP,아들 자취방에 구매해줬는데요~~무척맘에 들어합니다 적당한크기와 헤드가 용도별사용하기 편하게 되어 있어서 좋습니다 아침에 청소해보더니 좋다고하네요
"45,900",평점3,온라인 파트너 비바타,21.04.11.,신일전자 SVC-P5000HP,배송 별로.... 제품도 생각보다 작음... 성능도 기대에 미치지 못함
"45,900",평점5,G마켓,21.08.08.,신일전자 SVC-P5000HP,"소음은 쫌 있는편이지만 못쓸정도는 아니구요,긴 연결관도 짧지만 165정도까지 키에는 딱인듯합니다~"
"45,900",평점4,온라인파트너 오제,21.03.21.,신일전자 SVC-P5000HP,생각보다 괜찮아요 잘 쓸게요
"45,900",평점5,온라인파트너 오제,21.04.10.,신일전자 SVC-P5000HP,빠른배송 간단한 조작방법
"45,900",평점3,온라인 파트너 비바타,21.04.09.,신일전자 SVC-P5000HP,추천받아서 샀어요 ㅇㅇ
"45,900",평점5,옥션,21.06.27.,신일전자 SVC-P5000HP,간편해서 잘쓰고 있어요 흡입력도 약하지 않고요 먼지봉지 필터 청소하기도 쉬워요부모님께 선물했더니 너무 좋아하시네요
"45,900",평점5,온라인파트너 오제,21.03.23.,신일전자 SVC-P5000HP,청소 완전 잘되고 연장 사용이 가능해서 더욱편합니다흡입력도 좋네요
"45,900",평점4,온라인파트너 오제,21.03.29.,신일전자 SVC-P5000HP,엄마가 그런대로 좋으시대요. 먼지 빼는곳이 첨에는 완전 뻑뻑해요
"45,900",평점4,G마켓,21.06.30.,신일전자 SVC-P5000HP,무선이라 편하고 소리도 크지않고좋네요~~~
"45,900",평점5,인터파크,21.07.01.,신일전자 SVC-P5000HP,작아도 흡수력이 강합니다. 자취생강추
"45,900",평점4,G마켓,21.07.07.,신일전자 SVC-P5000HP,만족하며 사용중이에용 장기간 써봐야 정확히알겠지만 지금은 만족입니다
"45,900",평점5,옥션,21.07.27.,신일전자 SVC-P5000HP,잘 쓰고 있습니다
"45,900",평점5,옥션,21.07.14.,신일전자 SVC-P5000HP,자주 청소하는게 부담 스러우시다는 부모님께 주문해드렸어요. 자주 청소하시는데 대형청소기는 무겁다고하셔서 햔디형으로 주문했습니다. 아직 뜯지는 않았지만 신일이니까 믿고 씁니다.
"45,900",평점5,온라인파트너 오제,21.02.23.,신일전자 SVC-P5000HP,가격대비 만족입니다~소리가좀크긴하지만 불편한점은없네요~집청소잘하고있어요~~
"45,900",평점5,온라인 파트너 비바타,21.07.13.,신일전자 SVC-P5000HP,지인 선물해준거라잘 쓰고 있다고 합니다^^
"45,900",평점5,온라인파트너 오제,21.03.16.,신일전자 SVC-P5000HP,선물했는데 편하고.좋다고하네요~~
"45,900",평점4,온라인파트너 오제,21.06.30.,신일전자 SVC-P5000HP,가성비 좋습니다 쓸만해요
"45,900",평점5,온라인 파트너 비바타,21.06.30.,신일전자 SVC-P5000HP,가격대비 짱 인것같아요
"45,900",평점5,온라인파트너 오제,21.02.26.,신일전자 SVC-P5000HP,제가 써보고 좋아서 엄마도 선물해 드렸어용ㅎ엄청 좋아하시내요~~
"45,900",평점5,온라인파트너 오제,21.03.06.,신일전자 SVC-P5000HP,좁은 곳 구석구석 청소하려고 샀는데 아주 좋아요
"45,900",평점5,온라인 파트너 비바타,21.06.09.,신일전자 SVC-P5000HP,구성이 좋아요 디자인도 좋구요일반핸디형은 앉아서 청소 주로 해야하는데 이 제품은 연결스틱 써서 편하게 서서 청소할수 있네요
"45,900",평점4,온라인파트너 오제,21.02.22.,신일전자 SVC-P5000HP,가격대비 가성비 좋아요 포장 꼼꼼 배송도 빨라요^^
"45,900",평점3,온라인파트너 오제,21.03.05.,신일전자 SVC-P5000HP,부모님댁에 사들였어요 마음에 들어하세요
"45,900",평점5,온라인파트너 오제,21.03.11.,신일전자 SVC-P5000HP,잘쓰고있어요 여전히 잘됩니다
"45,900",평점5,온라인파트너 오제,21.02.21.,신일전자 SVC-P5000HP,너무 잘 사용하고 있어요~
"45,900",평점5,공구앤,21.07.01.,신일전자 SVC-P5000HP,빠른배송이 좋았습니다
"45,900",평점4,온라인파트너 오제,21.03.11.,신일전자 SVC-P5000HP,배송이 완전 빠릅니다 간단하게 사용할 때 아주 유용하게 쓰일 것 같네요
"45,900",평점5,온라인파트너 오제,21.02.18.,신일전자 SVC-P5000HP,가격대비 사용하는데 특별히 문제없어서 괜찮네요
"45,900",평점5,온라인파트너 오제,21.06.19.,신일전자 SVC-P5000HP,잘 작동 됩니다. 신일거 좋아용
"45,900",평점5,온라인파트너 오제,21.02.28.,신일전자 SVC-P5000HP,가격대비 매우 쓸만해요
"45,900",평점5,온라인파트너 오제,21.06.22.,신일전자 SVC-P5000HP,배송 빠르고 좋아요~
"45,900",평점5,G마켓,21.05.16.,신일전자 SVC-P5000HP,신일소형청소기 힘좋네요충전후사용하는데 오래가네유
"45,900",평점4,온라인파트너 오제,21.01.28.,신일전자 SVC-P5000HP,편리는 하지만 딱 그만큼만 좋아서 좀 아쉬웠어요.
"45,900",평점5,옥션,21.05.23.,신일전자 SVC-P5000HP,소리는 크지만 적당한 흡입력에 만족합니다.
"45,900",평점5,G마켓,21.06.08.,신일전자 SVC-P5000HP,잘받았어요  지금조립해서  충전중입니다  아이방혼자청소하라고 구입했어요
"45,900",평점4,온라인파트너 오제,21.02.04.,신일전자 SVC-P5000HP,"가격적당하고,사용하기가편해요좋아요"
"45,900",평점4,온라인파트너 오제,21.05.29.,신일전자 SVC-P5000HP,자취하는 아들이 대만족입니다!
"45,900",평점5,온라인파트너 오제,21.06.02.,신일전자 SVC-P5000HP,흡입력도 좋고 편리합니다!
"45,900",평점5,옥션,21.05.27.,신일전자 SVC-P5000HP,배송 빠르고 품질 좋아요.
"45,900",평점5,옥션,21.06.09.,신일전자 SVC-P5000HP,감사합니다.
"45,900",평점4,옥션,21.06.04.,신일전자 SVC-P5000HP,good
"45,900",평점5,온라인파트너 오제,21.05.26.,신일전자 SVC-P5000HP,엄마가 가볍게 쓰실거라 샀는데 만족해하세요
"45,900",평점5,온라인파트너 오제,21.01.15.,신일전자 SVC-P5000HP,만족스러워요! 완전 잘 쓸게요~
"45,900",평점5,G마켓,21.05.16.,신일전자 SVC-P5000HP,빠른배송 고맙습니다.
"45,900",평점5,온라인파트너 오제,21.01.20.,신일전자 SVC-P5000HP,"제품은좋은데 2개주문이면 네이버포인트도 2배로되야하는데 그게아님 특히나 네이버 +회원이라면 2.300원돈이 적립안됨.1개분으로적립됨.그래서 3점이지만,제품은5점입니다"
"45,900",평점5,옥션,21.05.09.,신일전자 SVC-P5000HP,유선보다 약한건 당연하지만머리카락이나 간단하게 청소하긴 자리도 안 차지않고 편하고 좋습니다
"45,900",평점3,온라인파트너 오제,20.12.26.,신일전자 SVC-P5000HP,배송은 빨랐구요~흡입력이 생각했던것보다 약해서 아쉽고연장선이 조금더 길었으면 좋았을텐데...그 점도 조끔 아쉽네용
"45,900",평점4,온라인파트너 오제,21.01.06.,신일전자 SVC-P5000HP,가격대비 흡입력도 나쁘지 않고 밧데리는 보통입니다.
"45,900",평점5,온라인 파트너 비바타,21.04.30.,신일전자 SVC-P5000HP,자취하는 아들아이가 아주 만족하네요. 감사합니다.
"45,900",평점5,G마켓,21.05.09.,신일전자 SVC-P5000HP,좋네요 기존에 10수년간 소형청소기는 신일 제품만 썼는데.. 이건 소리가 80년대 스퇄이네요 써보심 느껴질 아류의 소음이랄까 거치대도 완전 직각 90도로 내리꽂아야 하고 에고 그냥저냥 당분간은 뭐
"45,900",평점5,온라인파트너 오제,21.05.21.,신일전자 SVC-P5000HP,간편하게 거실에서 잘 사용하고 있습니다.~
"45,900",평점5,온라인파트너 오제,21.01.26.,신일전자 SVC-P5000HP,배송빨라요 한달 사용후 후기 남길게요~~
"45,900",평점5,G마켓,21.05.04.,신일전자 SVC-P5000HP,딱 그말이 떠오르네요~ 잘쓸게요
"38,700",평점4,인터파크,21.10.07.,신일전자 SVC-SHS500,믿고 쓰는 신일!! 이 제품은 약간 장난감 같긴한데 마땅한게 없어 이 상품을 구매하였는데요.. 아직 써보진 못하였으나 바람이 밖으로 꽤 쎄게 나와서 좀 그런것 빼곤 좋을거라고 생각듭니다.. 흡입력은 아직 모르겠지만 손으로 대봤을 때 좀 아쉬운 것같다고 생각듭니다 앞에 흡입종류들 부품들이 제가 쓰던 신일 다른 상품보다 다양한 것같아 좋지만 체결할 때 제대로 체결된 것인지 뭔가 약해보인다고해야하나 그래서 앞서말할 때 장난감같다고 한 것입니다...
"38,700",평점4,11번가,21.09.28.,신일전자 SVC-SHS500,코드선 청소기는 번거로워서 대청소할때 사용하고 평소에는 항상 신일무선 이 상품을 사용하는데 웬만한 먼지는 충분히 흡입되고 가격도좋지만  성의없이 박스 포장도없이 케이스에 테이프도 안붙이고 열린상태로 배송되다니요 ? 반품하고 싶었지만  기계는 잘되니 사용하지만 무성의하네요 판매처가？
"38,700",평점1,갤러리아백화점,20.08.22.,신일전자 SVC-SHS500,1점도 아까워요 제품은 신일꺼니 믿겠지만.. 이거 반품 받은거 나한테 보냈네요 포장은 제품원박스에 테이프 칭칭감아서 보내고 옆꾸리 박스 터져있고. 창틀흡입구는 없고.. 만사 귀찮고 기다리기 짜증나 그냥 쓸거구 다른곳에서 필요해서 하나 더 사야하는데 다른곳 가야겠어요. 정말 개쓰레기같은 기분..
"38,700",평점4,CJ온스타일,21.03.31.,신일전자 SVC-SHS500,충전을 8시간 하라고 되어 있던것 같은데..8시간 충전을 해도 계속 빨간 불이네요..빨간불 의미가 있는건지...작동은 잘되고요..넙적한거 끼워서 바닥 청소 할때 쓰는데 바닥에 기스가 나요ㅠㅠ 그래서 그냥 쓰고 있는데...흡입력은 좋네요
"38,700",평점5,전자랜드,20.09.29.,신일전자 SVC-SHS500,기존에 쓰던 핸디 청소기가 2년쯤 되니 배터리도 빨리 닳고 충전시간이 길어져서 교체하려고 구매했어요.사이즈가 생각보다 크지 않아서 쓱쓱 쉽게 사용하기 좋아요. 아직 풀충전을 못했지만 흡입력도 다른 핸디에 비해서 좋은 편에 속해요. 일단 2년동안 잔고장 없이 사용할 수 있었으면 좋겠네요??
"38,700",평점5,G마켓,19.09.30.,신일전자 SVC-SHS500,시험해 봤는데  이 정도면  괜찮아요유선보단 약하지만 보관도  미관상 나쁘지않고 머리카락  넘 빠져서  구매했어요  찍찍이도 한두번이래야 말이죠  이거이 편하고 좋으네요 흡입력만 좀더 세었으면 ?완충하면 좀 세지려나?암튼 만족합니다 고장  안나고 오래 썼으면 합니다
"38,700",평점1,전자랜드,19.12.24.,신일전자 SVC-SHS500,일단 포장상태에서부터 진짜 별로더라구요다른 상자에 넣어서 보내시던가... 그냥 상자에 뽁뽁이도 아닌그냥 비닐에 씌여져서 왔네요;; 택배상하차하면 던지는일이대다수인데 뿌러졌다고하면 책임져주실건가; 우리 쪽 책임으로 안몰면 다행ㅋ 그리고 먼지통여는 버튼이 안눌리네요 푸쉬는 눌리지도않고먼지통은 열리지도않고; 이거 불량인가요;  불량 체크 좀 확인하고 보내시지그랬어요 여기저기 기스자국에;; 누가 쓴건아닌가몰라...
"38,700",평점4,옥션,20.02.19.,신일전자 SVC-SHS500,간단하게  쓰기좋은제품~흡입력이 완전하지는 않치만 가격대비  괞찮습니다. 차량용청소기 대용으로 구매했는데 충전해서 가져다 바로 청소할수 있고 다른 차량용청소기보다  쓰레기가 많이 들어가서  좋아요. 손안 닿는부분은 긴대를 끼고  사용합니다.
"38,700",평점5,전자랜드,19.10.24.,신일전자 SVC-SHS500,"냉장고, 세탁기  구입하고 받은 포인트를 더해 구입했습니다 ㅋ그러니 기존에 있던 핸디형 청소기 , 그  수리비만큼 구매 가격이 저렴하더군요,  화면과 동일한 색감이라 깔끔하고, 무척 가볍습니다.흡입력이 좋아 간단한 먼지 청소에는안성맞춤입니다.잘 사용하겠습니다 ^^"
"38,700",평점5,전자랜드,21.06.30.,신일전자 SVC-SHS500,작지만 튼튼하고 구석구석 청소하기에 요긴합니다.긴 충전시간과 짧은 사용시간이 다소 아쉽네요.
"38,700",평점5,전자랜드,20.09.27.,신일전자 SVC-SHS500,자취하는 아들에게 사주었어요작은원룸이라 이정도면 괜찮을꺼같아요가격도 저렴하고 색도 이쁘네요
"38,700",평점4,CJ온스타일,21.09.17.,신일전자 SVC-SHS500,핸디형 청소기로 딱 좋아요. 입구를 세가지로 바꿔 사용할수 있어 좋네요
"38,700",평점5,옥션,21.12.29.,신일전자 SVC-SHS500,생갑보다 흡입력 좋아요. 거실에 두고 손쉽게 사용해요~
"38,700",평점4,모리츠,22.01.05.,신일전자 SVC-SHS500,청소기는 충전중. tv는 반응속도가 느리고 리모컨은왜 있나싶을 정도로 반응 느림
"38,700",평점5,홈앤쇼핑,22.01.07.,신일전자 SVC-SHS500,가격 대비 성능이 우수합니다
"38,700",평점5,CJ온스타일,21.09.20.,신일전자 SVC-SHS500,청소기 흡입력이좋아요
"38,700",평점4,CJ온스타일,21.08.10.,신일전자 SVC-SHS500,가격저렴해서좋아요.흡입구가 ㄱ자로안꺽어져서 조금불편해요.소리도엄청큽니다.충전부위는 튼튼하고 깔꿈하게 잘되어있어요.잘쓸께요
"38,700",평점4,CJ온스타일,21.09.09.,신일전자 SVC-SHS500,머리카락청소용으로 구매했는데 스틱이너무 짧고 흡입구가 잘안꺽어지니까 불편해서 2층에올려놓고 다름제품구매합니다
"38,700",평점5,SK스토아,21.12.19.,신일전자 SVC-SHS500,아직 사용전입니다. 완충까지8시간이라니 기다리는 중. 외모는 만족합니다.
"38,700",평점5,롯데홈쇼핑,21.12.13.,신일전자 SVC-SHS500,잘 사용합니다.저렴하고 좋네요
"38,700",평점5,옥션,21.12.09.,신일전자 SVC-SHS500,가볍고 생각보다 세네요
"38,700",평점5,현대Hmall,21.12.27.,신일전자 SVC-SHS500,바람세기가 좀약합니다
"38,700",평점5,옥션,21.12.10.,신일전자 SVC-SHS500,가볍고 좋아요~~
"38,700",평점4,옥션,21.12.07.,신일전자 SVC-SHS500,선물했는데 좋다고 하시네요~필요하면 재구매할께요~많이 파세요
"38,700",평점5,SSG닷컴,21.12.12.,신일전자 SVC-SHS500,자취하면서 유용하게 쓰네요
"38,700",평점5,롯데홈쇼핑,21.12.08.,신일전자 SVC-SHS500,해드형 용도로 적당해요
"38,700",평점5,CJ온스타일,21.12.18.,신일전자 SVC-SHS500,만족합니다 만족합니다
"38,700",평점3,옥션,21.12.03.,신일전자 SVC-SHS500,잘 받았읍니다 감사합니다.
"38,700",평점5,SK스토아,21.12.02.,신일전자 SVC-SHS500,사용하던 청소기  재구매했어요 좁은공간 활용 쨩이요
"38,700",평점5,전자랜드,21.07.16.,신일전자 SVC-SHS500,잘쓰겠습니다~가성비 좋아요
"38,700",평점4,신세계몰,21.12.02.,신일전자 SVC-SHS500,간편하게 청소할때 유용해요
"38,700",평점3,옥션,21.11.24.,신일전자 SVC-SHS500,배터리가 안 좋아요
"38,700",평점5,홈앤쇼핑,21.11.25.,신일전자 SVC-SHS500,"적립금 쓰고 저렴하게구입.일단 신일이 모터는 알아주기에믿고 구입했어요.흡입력도 좋고,잘쓰고있어요."
"38,700",평점5,11번가,21.11.22.,신일전자 SVC-SHS500,소리는 크지만 흡입력 좋아요.두 번째 구입합니다.첫 자취할 때 구입해서 2년 넘게 쓰다가 힘이 딸려서 버리고 같은 제품으로 구입했어요.작은 자취방이면 1분도 안돼서 다 밀 수 있습니다!
"38,700",평점5,SK스토아,21.11.19.,신일전자 SVC-SHS500,오늘 상품 도착해서 사용해봤는데 생각보다 흡입력이 좋은것같네요 가격대비 만족합니다 원룸용으로는 괞찮은것 같네요
"38,700",평점5,홈앤쇼핑,21.11.18.,신일전자 SVC-SHS500,좋아요 재구매합니다~
"38,700",평점5,옥션,21.11.22.,신일전자 SVC-SHS500,good !!
"38,700",평점4,11번가,21.11.19.,신일전자 SVC-SHS500,물 세척이 가능해서 좋고 가벼워서 너무 좋아요 소리가 너무 시끄러운거 말고는 아주 만족합니다 좋아요
"38,700",평점5,11번가,21.11.11.,신일전자 SVC-SHS500,배송도 빠르고 품질도 만족스럽습니다 가벼워서 쓰기 편한게 기장 큰 장점이네요 가성비가 뛰어난 제품이에요
"38,700",평점5,SSG닷컴,21.11.11.,신일전자 SVC-SHS500,전에 엄마집 시드렸다가 가볍고 흡입력두 좋은편이라 저도 구매했어요 
"38,700",평점5,모리츠,21.11.04.,신일전자 SVC-SHS500,아들이필요하다해서구매해줬는데만족해합니다
"38,700",평점4,신세계몰,21.11.06.,신일전자 SVC-SHS500,다용도로 사용하기에 좋아요
"38,700",평점5,옥션,21.10.21.,신일전자 SVC-SHS500,반납은 없을 것이라고 확신했나봅니다. 그냥 본래박스에 송장 떡하니 붇여서 보내줬네...
"38,700",평점4,전자랜드,21.07.16.,신일전자 SVC-SHS500,잘쓰고 있어요 소음은 있어요
"38,700",평점3,옥션,21.10.28.,신일전자 SVC-SHS500,6월말에 샀는데요통이 부러진건 첨이네요
"38,700",평점4,G마켓,21.10.21.,신일전자 SVC-SHS500,간편하고 사용하기 편해요
"38,700",평점3,롯데홈쇼핑,21.10.29.,신일전자 SVC-SHS500,충전여부가 충전이 안되도 되도 빨간색이라서 그게 문제네요
"38,700",평점4,전자랜드,21.06.01.,신일전자 SVC-SHS500,소리가 커서 아랫집들릴까 조심스럽지만 성능은 좋은듯요
"38,700",평점5,SSG닷컴,21.10.18.,신일전자 SVC-SHS500,너무 편리하고 좋아요
"38,700",평점4,전자랜드,21.06.04.,신일전자 SVC-SHS500,가격대비 만족합니다
"38,700",평점3,CJ온스타일,21.05.22.,신일전자 SVC-SHS500,힘이 많이 약해서 아쉬워요 머리카락 정도만 청소할 수 있습니다
"38,700",평점3,옥션,21.10.02.,신일전자 SVC-SHS500,흡입력이 좀 약한것 같네요 배송기간도 길구요
"38,700",평점5,11번가,21.10.06.,신일전자 SVC-SHS500,rkatkgkqslek. 잘사용하겠습니다.
"38,700",평점5,옥션,21.10.07.,신일전자 SVC-SHS500,가볍고 성능좋아 2개  샀음
"38,700",평점4,CJ온스타일,21.09.30.,신일전자 SVC-SHS500,저렴한 가격 느린 배송
"38,700",평점5,옥션,21.10.16.,신일전자 SVC-SHS500,매우만족 합니다.감사합니다
"38,700",평점5,CJ온스타일,21.01.20.,신일전자 SVC-SHS500,시어머님이 좋아하시는 청소기인데 고장이 나서 주문해서 보내드렸더니 맘에 들어하셔서 좋아요~~^^
"38,700",평점5,SSG닷컴,21.08.24.,신일전자 SVC-SHS500,다른 사이트보다 훨씬 저렴하게 행사로 샀어요 잘 쓸게요
"38,700",평점5,홈앤쇼핑,21.09.21.,신일전자 SVC-SHS500,본체는 가볍지않고 묵직하고좋으나 먼지빨아들이는부분이 방바닥과밀착되지않아 들뜨는것같음 앞부분이 회전이되지않아 구석모서리같은곳은 패스하게되는것같네요 ;;
"38,700",평점4,옥션,21.09.18.,신일전자 SVC-SHS500,쓸만합니다.
"38,700",평점5,홈앤쇼핑,21.09.05.,신일전자 SVC-SHS500,좋아요
"38,700",평점5,옥션,21.09.05.,신일전자 SVC-SHS500,두번째 구매.가볍고 잘 흡입하고.가성비가 좋아 가게에서도 사용중.
"38,700",평점5,옥션,21.08.19.,신일전자 SVC-SHS500,최고로좋습니다 소리는 어쩔수없지만 성능은좋아요
"38,700",평점4,신세계몰,21.09.15.,신일전자 SVC-SHS500,생각보다 흡입력도 좋고 세컨드청소기로는 좋네요.
"38,700",평점5,11번가,21.09.11.,신일전자 SVC-SHS500,친정 엄빠가 간편히 쓰시기에 완전 좋아요~가볍다고 좋아하세요.서브 청소기로 딱!!
"38,700",평점1,옥션,21.09.09.,신일전자 SVC-SHS500,배송이 너무오래 걸려요상품은 베리굿.
"38,700",평점4,옥션,21.08.24.,신일전자 SVC-SHS500,배송은 늦었으나 제품은 만족합니다.
"38,700",평점5,G마켓,21.08.21.,신일전자 SVC-SHS500,가성비 갑입니다~진짜 좋아요
"38,700",평점5,전자랜드,21.05.04.,신일전자 SVC-SHS500,완전짱입니다요!!!
"38,700",평점4,11번가,21.08.20.,신일전자 SVC-SHS500,무선이라 흡입력도 딸리고 연결스틱끼워도 길이가 짧지만저렴한맛에 사용합니다~
"38,700",평점5,옥션,21.08.05.,신일전자 SVC-SHS500,소리가 좀 크긴 하지만 거실에서 간편하게 사용하기 좋겠어요손주들 과자 부스러기 흡입력도 괜찮아요박스에 테이프라도 붙여서 보내주시지...터져서 솥아졌는지 두죽박죽 되어서 왔네요
"38,700",평점5,옥션,21.09.01.,신일전자 SVC-SHS500,신일 SVC-SHS500 무선핸디형 청소기
"38,700",평점5,홈앤쇼핑,21.08.20.,신일전자 SVC-SHS500,좋아요 잘쓸께요
"38,700",평점5,옥션,21.08.13.,신일전자 SVC-SHS500,쓰던게 너무 약해져 다시 구매합니다..이것 만한게 없네요..
"38,700",평점4,홈앤쇼핑,21.08.14.,신일전자 SVC-SHS500,작지만 잘 쓸것같아요
"38,700",평점5,옥션,21.08.12.,신일전자 SVC-SHS500,부자되세요~^^
"38,700",평점4,옥션,21.08.17.,신일전자 SVC-SHS500,예전사용하던것과 같은제품이라크게 분편함 없어요간단하게 사용하기 유용한
"38,700",평점5,CJ온스타일,21.03.19.,신일전자 SVC-SHS500,좋아요 시어머님이 아주 만족해하세요 무엇보다 가벼워서 너무 좋다고하십니다 먼지쓰레기 버리는것도 쉽구요~
"38,700",평점5,G마켓,21.07.31.,신일전자 SVC-SHS500,여러개 찾아보고 고민했는데 흡입력 좋고 특히 뒤쪽에 연장관을 수납할 수  있어서 깔끔합니다.
"38,700",평점5,현대Hmall,21.06.30.,신일전자 SVC-SHS500,벌써  3개째 구매입니다!!!!!!!!!!!!!간단하게  청소할때는  너무  좋아요!!!!!!!!!!!!!전체 청소는 그닥 추천하지 않아요!!!!!!!!!그래도 가격 품질면에서  좋습니다!!!!!!!!!!!!!!!!!
"38,700",평점4,옥션,21.07.01.,신일전자 SVC-SHS500,상품 맘에들어요~가볍고 쓰기 편하네요 흡입력도세고 좋아요
"38,700",평점4,SSG닷컴,21.08.11.,신일전자 SVC-SHS500,아들이 기숙사에서 쓸건데 적당한거같네요
"38,700",평점5,홈앤쇼핑,21.08.06.,신일전자 SVC-SHS500,결혼한아들이구매해주라고해서구입햇어요
"38,700",평점5,인터파크,21.07.22.,신일전자 SVC-SHS500,제품이 가격도 디자인도 좋아요
"38,700",평점5,옥션,21.07.30.,신일전자 SVC-SHS500,저렴하게  잘  구입했어요
"38,700",평점4,옥션,21.08.01.,신일전자 SVC-SHS500,조금 묵직해요.
"38,700",평점5,11번가,21.08.02.,신일전자 SVC-SHS500,청소기 성능이 좋습니다작은방하나 청소하기는 좋습니다.
"38,700",평점5,옥션,21.07.29.,신일전자 SVC-SHS500,역시 신일입니다 가격대비 아주 좋습니다
"38,700",평점5,11번가,21.07.07.,신일전자 SVC-SHS500,가성비 좋습니다. 엄마가 사용하기 편하다고 하시네요. 서브로 쓰기 좋아요
"38,700",평점4,11번가,21.07.14.,신일전자 SVC-SHS500,싸이즈가작아편리하긴한데충전식이라그런지원래힘이없는건지좀약해요
"38,700",평점5,옥션,21.07.09.,신일전자 SVC-SHS500,빠른배송 좋은품질 만족합니다
"38,700",평점5,옥션,21.07.14.,신일전자 SVC-SHS500,좋은상품 감사합니다~~다음에 재구매하도록 하겠습니다대박나세요~~
"38,700",평점5,G마켓,21.07.02.,신일전자 SVC-SHS500,좋아요 가성비 최고
"38,700",평점2,전자랜드,20.07.30.,신일전자 SVC-SHS500,장마철에 폭우가 계속내리는 날씨면 귀찮아도 비닐팩에라도 싸서 보내야죠. 전기제품이 이렇게 홀딱 젖어서 왔네요.
"38,700",평점5,SK스토아,21.03.20.,신일전자 SVC-SHS500,침대  청소하거나 자동차안 치울려고 샀는데  아직 쓰보지는 않았지만 잘 쓸 수 있을 것 같네요. 핸드형이라서 부담없이 쉽게 청소할 수 있을 것 같습니다. 
"38,700",평점4,전자랜드,21.06.05.,신일전자 SVC-SHS500,작은방에 혼자 사용하기 좋아요 힘조아서  먼지도 잘 빨려요 짱!
"38,700",평점4,CJ온스타일,21.03.03.,신일전자 SVC-SHS500,포장이... 꼼꼼하지 않고 한쪽이 풀려 왔어요..핸디형 청소기는 10년전이나 변한것이 없네요
"38,700",평점4,옥션,21.06.11.,신일전자 SVC-SHS500,플라스틱 마감이 거칠어요. 그 외에는 가볍고 흡입력도 좋고 괜찮네요.
"38,700",평점5,11번가,21.06.04.,신일전자 SVC-SHS500,한두달전 구매후~두번째구매 조금시끄러워도 청소기 먼지 파워는  최고~최고금액두 착하구  잘사용할께요^^
"38,700",평점5,인터파크,21.06.28.,신일전자 SVC-SHS500,완벽한 구성 좋은 제품 빠른배송 최고
"38,700",평점5,G마켓,21.06.18.,신일전자 SVC-SHS500,좀 작지만 성능이  좋은것  같아요
"38,700",평점5,G마켓,21.07.02.,신일전자 SVC-SHS500,신일 청소기 작아도 청소잘 되네요
"38,700",평점2,CJ온스타일,21.02.19.,신일전자 SVC-SHS500,다른 제품 샀다가 아빠가 불편해 하셔서 이걸 또 샀네요 첨이라 그런지 괜찮아요
"38,700",평점5,옥션,21.06.12.,신일전자 SVC-SHS500,신일무선청소기 믿고 사용합니다.
"38,700",평점5,전자랜드,21.06.05.,신일전자 SVC-SHS500,작은방 청소하기 좋아요
"38,700",평점5,G마켓,21.07.10.,신일전자 SVC-SHS500,좋아요 좋아요 좋아요
"38,700",평점5,SSG닷컴,21.06.01.,신일전자 SVC-SHS500,어떻게 분리하는지요ㆍ  쓰레기버리려는데ㆍ안되네요
"38,700",평점5,G마켓,21.05.06.,신일전자 SVC-SHS500,간단한 청소용으로 구매했는데 구성 좋고 배송이 빠릅니다. ^^
"38,700",평점5,현대Hmall,21.04.21.,신일전자 SVC-SHS500,동생이 주문 원해서 주문했는데가격대비 좋다고 합니다!!!!!!!!!!!!!!!!!!!!!!충전이라 흡입력이 강하진 았지만 책상이나 방바닥 머리카락 청소시 유용하다고합니다저도 구매할려고합니다!!!!!!!!!!!!
"38,700",평점5,G마켓,21.04.27.,신일전자 SVC-SHS500,무겁지않아 다른청소기가 있어도 자주사용하게됩니다
"38,700",평점3,11번가,21.05.08.,신일전자 SVC-SHS500,휴대용이라 샀는데그냥 그래요휴대용 치곤 큰거같고
"38,700",평점5,현대Hmall,21.04.25.,신일전자 SVC-SHS500,좋아서 재주문 했습니다~~~~
"38,700",평점4,롯데ON,21.04.18.,신일전자 SVC-SHS500,맘에들어요 가격대비
"38,700",평점4,G마켓,21.04.04.,신일전자 SVC-SHS500,가격대비 성능괜찮아요. 충전 후 오래쓰고 힘도 가격대비 괜찮아요.
"38,700",평점4,G마켓,21.04.06.,신일전자 SVC-SHS500,헤드가 예리하지않아서계단안쪽이나 방모서리바닥은 생각보다안됨그냥쓸만함
"38,700",평점5,CJ온스타일,21.04.12.,신일전자 SVC-SHS500,너무너무 편하고 좋았어요 
"38,700",평점4,G마켓,21.03.06.,신일전자 SVC-SHS500,일단 신일꺼라 믿고주문했어요 사용후기도 괜찮은거같고 아직사용전이지만~
"38,700",평점3,롯데ON,21.03.28.,신일전자 SVC-SHS500,자취방용으로 괜찮은듯...
"38,700",평점5,옥션,21.03.19.,신일전자 SVC-SHS500,잘쓸게요
"38,700",평점5,옥션,21.03.13.,신일전자 SVC-SHS500,배송은 조금 걸렸지만 가격대비 성능 좋아요. 많이 많이 파세요.예상보다 소리도 심하지 않네요.
"38,700",평점5,전자랜드,20.11.24.,신일전자 SVC-SHS500,흡입력도 괜찮 잘쓰고 있어요
"38,700",평점5,현대Hmall,21.03.07.,신일전자 SVC-SHS500,간편하고 사용하기좋네요.
"38,700",평점5,전자랜드,20.10.24.,신일전자 SVC-SHS500,잘쓰고있어요. 파워만큼 소리도 좀..하지만 이정도 소음은 평균치인것 같아요. 다만 풀충전 기준 10분 정도? 사용시간이 좀아쉽지만 필터도 반영구이고 가성비.굿
"38,700",평점5,전자랜드,20.10.30.,신일전자 SVC-SHS500,유선청소기랑 같이 쓰고 있는데 편해요.방 간단하게 청소하기엔 딱 이예요. 충전도 잘 되고 파워도 맘에 들어요. 2년 바짝 잘 썼음 좋겠네요ㅋ
"38,700",평점5,전자랜드,20.11.08.,신일전자 SVC-SHS500,잘 쓰고있어요^^ 풀충 대비 사용시간이 10분 정도?인것이 조금 아쉽지만..필터도 빨아쓸수있고 아주 괜찮음.
"38,700",평점5,옥션,21.02.23.,신일전자 SVC-SHS500,배송은좀늦었지만성능은좋아요
"38,700",평점3,옥션,21.03.13.,신일전자 SVC-SHS500,좋은 재품 빠르게 받았어요
"38,700",평점4,옥션,21.03.03.,신일전자 SVC-SHS500,청소기  빨리는 안옵니다
"38,700",평점5,옥션,21.03.10.,신일전자 SVC-SHS500,큰 청소기만 있어서 좁은 문틈은 청소가 곤란하여 구입하게 되었습니다. 아직 사용전이고 충전하고 있습니다.
"38,700",평점5,SK스토아,21.03.12.,신일전자 SVC-SHS500,잘사용중입니다
"38,700",평점5,옥션,21.02.20.,신일전자 SVC-SHS500,굿굿
"38,700",평점5,SK스토아,20.10.06.,신일전자 SVC-SHS500,작지만 성능 괜찮아요  큰청소기 고장나서 수리 할 동안 가볍게 사용하려고 구매했어요 
"38,700",평점4,11번가,21.02.25.,신일전자 SVC-SHS500,충전시간은 길고 사용시간은 짧은 단점이 있으나 사용하기 좋습니다.
"38,700",평점5,전자랜드,21.03.14.,신일전자 SVC-SHS500,완전짱입니다요완전입니다
"38,700",평점5,옥션,21.02.20.,신일전자 SVC-SHS500,배송완료되었고 사용해 보니 잘 작동해요
"38,700",평점5,롯데ON,21.02.15.,신일전자 SVC-SHS500,흡입력이 살짝 아쉽네요
"38,700",평점3,롯데홈쇼핑,21.02.24.,신일전자 SVC-SHS500,청소용으로 쓰기엔 부족하고 대형청소기  쓰기엔  거시기할때 간단히  주위  정리할때 쓰는데 소음크고 흡입력은 별롭니다
"38,700",평점5,전자랜드,20.10.05.,신일전자 SVC-SHS500,소음정도는 핸디형이니까 당연한거고 흡입력이 강해서 좋네요. 자잘한 오염은 즉각적으로 처리하니 항상 청결한 환경이 되어요.
"38,700",평점5,G마켓,21.01.04.,신일전자 SVC-SHS500,믿고 구매함. 제법 청소 잘 되는편.가성비 좋네요 여러가지 용도로 쓸수있습니다좋아요
"38,700",평점4,전자랜드,20.09.27.,신일전자 SVC-SHS500,전에도썼던건데가성비좋아요
"38,700",평점5,인터파크,20.12.27.,신일전자 SVC-SHS500,귀엽고 작지만 성능 우수합니다
"38,700",평점5,신세계몰,21.01.12.,신일전자 SVC-SHS500,너무 좋아요~감사합니다 ^^
"38,700",평점1,G마켓,21.01.14.,신일전자 SVC-SHS500,저렴하게구매해서요 ㅠ
"38,700",평점5,전자랜드,20.09.15.,신일전자 SVC-SHS500,저렴하면서 괜찮네요
"38,700",평점5,옥션,21.01.17.,신일전자 SVC-SHS500,빠른배송
"38,700",평점5,옥션,21.01.07.,신일전자 SVC-SHS500,신일제품이라 믿음이가요. 좋겠죠?
"38,700",평점5,위메프,20.12.29.,신일전자 SVC-SHS500,가격도  품질도 참 좋음   여러 종류 다 써봤는데  이게 젤 좋음
"38,700",평점5,모리츠,21.01.01.,신일전자 SVC-SHS500,빠른배송 감사해요~
"38,700",평점5,11번가,21.01.02.,신일전자 SVC-SHS500,정맙ㄴ조아요
"38,700",평점5,11번가,21.01.02.,신일전자 SVC-SHS500,정말조아요
"38,700",평점5,G마켓,20.12.14.,신일전자 SVC-SHS500,아는분이 부탁해서 주문했는데~~~좋다고 하네요
"38,700",평점5,전자랜드,20.12.17.,신일전자 SVC-SHS500,크기가 작아서 간편하게 잘 쓰고있어요
"38,700",평점4,전자랜드,20.12.12.,신일전자 SVC-SHS500,원루에서   쓰기가 딱좋네요
"38,700",평점4,옥션,20.12.06.,신일전자 SVC-SHS500,가볍고흡입력 좋습니다 근데 배송을 집앞이 아닌 편의점에 ...?ㅡㅡ
"38,700",평점5,전자랜드,20.11.13.,신일전자 SVC-SHS500,가끔아들자취방에가서 청소해주는대  써보니 즤집에 쓰는 비싼무선보다 성능이 좋은거같아요
"38,700",평점4,G마켓,20.12.13.,신일전자 SVC-SHS500,자동차청소용으로 훌륭합니다감사합니다
"38,700",평점5,옥션,20.12.02.,신일전자 SVC-SHS500,충전하느라  사용전이지만  신일제품이니믿고 구매결정합니다
"38,700",평점5,옥션,20.12.11.,신일전자 SVC-SHS500,싸고 좋아요 사업 번창하세요
"38,700",평점5,옥션,20.12.01.,신일전자 SVC-SHS500,매우만족 합니다
"38,700",평점3,SK스토아,20.11.30.,신일전자 SVC-SHS500,힘이조금약해요
"38,700",평점5,옥션,20.12.08.,신일전자 SVC-SHS500,빠른배송에 감사합니다
"38,700",평점4,11번가,20.11.05.,신일전자 SVC-SHS500,배송빠르고  흡립력등성능 굿입니다  다만  충전시간에비해 사용시간이 짧은것이 아쉽네요
"38,700",평점5,옥션,20.11.03.,신일전자 SVC-SHS500,가성비 괜찮습니다
"38,700",평점5,옥션,20.11.20.,신일전자 SVC-SHS500,정말조아요
"38,700",평점5,옥션,20.11.30.,신일전자 SVC-SHS500,신일전자 신일산업(가전) SVC-SHS500 무선핸디형 청소기
"38,700",평점4,전자랜드,20.07.12.,신일전자 SVC-SHS500,배송은 느리지 않게 파손없이 잘 왔어요. 흡입력이 강하진 않지만 차량용이나 과자 흘리고 청소할 때 가볍게 사용하기엔 무난합니다. 딱 가격대 만큼의 성능입니다.
"38,700",평점5,CJ온스타일,20.03.31.,신일전자 SVC-SHS500,배송 빠르게 잘 받았어요..^^쪼그만게 귀여워요~~충전 들어갔어요.잔고장 없이 잘 작동했음합니다
"38,700",평점5,롯데ON,20.10.16.,신일전자 SVC-SHS500,핸디형치고는 흡입력 괜찮고 가성비 좋습니다.
"38,700",평점5,G마켓,20.11.08.,신일전자 SVC-SHS500,신일 핸디 청소기 괜찬네요
"38,700",평점4,전자랜드,20.10.15.,신일전자 SVC-SHS500,기존청소기는 갖고 다니며 무거워서 힘들었는데 핸드형이라 가벼워서 좋네요  흡입기 연결 기둥이 사용하다 자꾸 빠지네요.그래도 잘 쓰고있어요.
"38,700",평점5,전자랜드,20.06.12.,신일전자 SVC-SHS500,"소리도 그렇게  크지않고, 흡입력 좋아요,길게 뽑아서 사용하기도 아주 유용합니다, 잘쓰겠습니다,,"
"38,700",평점4,롯데홈쇼핑,20.05.29.,신일전자 SVC-SHS500,가성비 좋습니다. 머리카락 제거 등 작은방에서 활용하기 좋아요^^
"38,700",평점5,옥션,20.10.29.,신일전자 SVC-SHS500,지난번에 써보고 좋아서재구매합니다~~/
"38,700",평점5,전자랜드,20.10.30.,신일전자 SVC-SHS500,잘받았습니다 .잘돌아가요수고하세요
"38,700",평점4,G마켓,20.10.21.,신일전자 SVC-SHS500,배송 빠르고 가격 싸고 좋아요
"38,700",평점5,SK스토아,20.10.19.,신일전자 SVC-SHS500,딸아이 기숙사 보냈어요.공간도 많이 차지하고 않고 좋다고 하네요
"38,700",평점5,G마켓,20.11.07.,신일전자 SVC-SHS500,잘 받았습니다 감사합니다
"38,700",평점5,위메프,20.10.23.,신일전자 SVC-SHS500,엄마  사드렸어요. 간단하게  청소하기  좋네요
"38,700",평점5,전자랜드,20.10.23.,신일전자 SVC-SHS500,흡 입 력 좋아요.
"38,700",평점1,옥션,20.11.06.,신일전자 SVC-SHS500,배송도 느리고 문의 전화시 불친절 합니다상품도 별루일 듯 해서 반품처리 했습니다반품 환불 받는데 16일 걸렸습니다..
