,가격,평점,채널,날짜,제품명,리뷰
0,"69,000",평점4,오아스토어,20.07.07.,2020년형오아 클린스틱 OA-CL010,머리카락 같은거는 정말 잘되구요헌데 방하나 구석구석하고나니 모터가 엄청 뜨거워져서 손이 많이 뜨겁게 느껴졌어요손잡이없이 모터와 일체형으로 잡아서 그런지 이러다가 폭발하지 않을까 싶을 정도로 뜨거웠어요거치대가 있는줄 알았는데 없어서 강력자석으로 냉장고옆에 붙여놨어요평평한 바닥은 잘되는데 조금이라도 쿠션감이 있으면 (카페트같은)앞대가리가 뒤집어지네요그리고 긴봉이 청소하다보면 자꾸 빠져요ㅠㅠ완전 고정시키고 쓸려면 테이프로 붙여서 그냥 막써야될듯..모터부분에 뜨거운바람과 모터가 뜨거워져서 손이 아리는 부분에 좀더 보안이 필요할것같으네요
1,"69,000",평점5,오아스토어,21.02.27.,2020년형오아 클린스틱 OA-CL010,"방을 꾸미면서 카페트를 깔았는데 강아지 털과 먼지가 계속 쌓여서 돌돌이로는 어림도 없더라구요 ㅠㅠ 그냥 청소기를 사자니 금액도 부담스럽고 놓을 자리도 마땅치 않아서 포풍 검색으로 오아 무선 미니 청소기를 봤는데 이거다 싶더라구요!오늘 도착해서 방금 써봤는데 대만족!!!!!!쬐끄맣고 가벼운게 흡입력이 짱이에요.소음은 좀 있는 편이지만 그에 비례해서 먼지가 빨려들어가니까 속이 다 시원합니다 ㅎㅎ거기다 헤드만 돌리면 먼지도 간편하게 비울 수 있고 필터도 씻을 수 있으니 완전 대박임!이렇게 미니멀하고 깔끔한 디자인에 이 성능이라니 진짜 감동입니다😭저처럼 좁은 공간에 사용하시거나 차량용, 카페트용으로 쓰실 분 완전 완전 추천해요!모듀, 오아하세요 :>"
2,"69,000",평점5,오아스토어,21.04.14.,2020년형오아 클린스틱 OA-CL010,흡입력짱입니다. 소음이 좀 있다는 후기가 있었는데 코드제로에 비교하면 비슷하거나 아주 약간 큰?느낌이고 청소기자체가 많아 작아서 소리가 상대적으로 더 크게 들리는탓인것 같습니다.하지만 ?아주 만족쓰요! 1.머리카락 흡입할때 2.구석구석 강아지털 뭉탱이 흡입할때 3.책상위4.창틀5.아무튼 일어서기 귀찮을때쓸려고 구매햇는데 정말 위 5가지 상황에 딱입니다.아가있는 가정에서도 세컨드 청소기가 있으면 유용하다고 하던데 각종 과자부스러기등등 처리할때 진짜 굿일듯해요! 디자인도 예쁘고 하얗고 깔끔하고요!소형청소기 망설이시는분들 여깁니다!!!
3,"69,000",평점5,오아스토어,21.01.06.,2020년형오아 클린스틱 OA-CL010,이번에 이사를 오면서 청소기 구매에 대해서 엄청 고민을 많이 했드래요~큰거는 하나가 있고 핸디 청소기가 기존에 있던게 오래 써서 그런가. 4년정도.  모터가많이 약해진게 느껴져서 서칭을 많이 해봤죠.근데 몇개보지도 않고 이게 너무 눈에 띄이더라구요.. 그래도 여러가지 검토를 하던결과 클린스틱으로 결정을하고받은후에 한달 넘게 써보니 생각보다 힘이 좋드라구요~대신 통이 좀 작아서 한두번쓰면 부지런하게 통을 비워주면 더 깔끔히 잘 쓸수있을거같구 고장도 안날거 같아서 잘쓰고 있답니다^^
4,"69,000",평점5,오아스토어,21.06.04.,2020년형오아 클린스틱 OA-CL010,"매장에서 깊이 들어가있는 필터용 청소기로 사용하려고 주문 했었는데 너무 좋은거있죠 ㅋㅋㅋ그래서 집에서도 침대밑이나 쇼파밑, 티비장 밑에 먼지구덩이 청소하려 또 구매했습니당 역시,,최고입니다 필터 청소하기 편하고 색도 이쁘고 냉장고 틈 사이도 청소가 잘되요! 다만 밀대? 부분이 목이 너무 잘 꺾여서 힘주고 밀지않으면 살짝 떠서 먼지흡입이 덜 될때가있고, 소음이 생각보다 좀 있고, 본체 구멍에서 바람이 많이 나와 구석에 있는 먼지들이 나폴거리고 날아다니는거빼곤 디자인, 편리함, 휴대, 용도까지 너무 좋습니다^_^ 선물용으로도 참 좋을거같아요!"
5,"69,000",평점4,오아스토어,21.07.26.,2020년형오아 클린스틱 OA-CL010,"우선 제품은 콤팩트하고 외관도 무광흰색이어서 인테리어 효과도 주고 좋아요~흡입력은 아무래도 엄청쎄지는 않아서 매일 간편하게 청소하는 용으로 쓰고, 주말에는 메인청소기로 따로 돌리고 있어요. 그래도 웬만한 눈에 띄는 먼지는 깔끔하게 다 흡입해줍니다~다른 분들 말씀하신 것 처럼 헤드는 앞으로 갈때는 문제 없는데, 앞뒤 방향으로 밀 때는 뒷방향으로 움직일 때 자꾸 떠버리는 아쉬움이 있었습니다. 그리고 또 아쉬운거는 버튼 부분에 스티커가 떨어져서 왔어요. 접착제가 제대로 안 발렸었나봐요. 그래도 그것말고는 대체적으로 만족합니다!!!! 이 가격에 좋은 제품 샀어요~"
6,"69,000",평점4,오아스토어,20.08.08.,2020년형오아 클린스틱 OA-CL010,"포장깔끔.배송빠름.3일정도사용후기소음의크기는 좀 있는듯합니다. 머리카락이나 책상 구석진곳 청소용으로 구매한것이므로 만족합니다.흡입구가 작아서 집청소용으로 생각하신다면 안될것같아요. 흡입력은 만족입니다.사이즈 한손에 딱 잡기편해서 청소하기 편하고 책장 옷장안쪽 화장대 구석진곳 피아노등등 먼지쌓인곳 여기저기 들고 다니며 청소 잘했습니다구지 강으로 하지않아도 괜찮은데 창틀안쪽은 강모드로 흡입하니 완전 깔끔!!한가지단점 자꾸 흡입구쪽에 끼워서 쓰는 브러쉬가 빠져요.전 1,2단 봉을 연결안하고 브러쉬를 바로 본체에 끼워서 쓰는데 그래서 그런건가요??그래서 별한개 뺍니다😅"
7,"69,000",평점5,오아스토어,20.07.14.,2020년형오아 클린스틱 OA-CL010,"작지만 강력한 흡입력을 가진 오아클린스틱청소기. 직접사용해보니까 너무 좋네요. 유선 청소기를 사용하고있었는데 자리도 많이 차지하고 흡입력도 안좋아서 항상 불편했거든요. 무겁지 않은 슬림하고 가벼운 512g 에다가 무선이라도 빠른 충전이 사용하는데 너무 편했습니다.특히 슬림하게 잘 빠져서 작은 틈새, 청소하기 어려운 곳을 흡입하기 좋았어요. 안쓸때는 간편하게 보관하기 좋게 사이즈도 안성맞춤이고 디자인이 너무 괜찮아서 인테리어용으로 둬도 이쁜거같아요. 뭔가 큰 청소기 쓰다가 기능도 좋은 오아클린스틱 청소기 사용하니 마음에 더 쏙 듭니다. 미니멀리스트인 제 동생도 오아클린스틱 청소기 사용해보고 맘에들어하네요. 자리차지 별로 안하고 너무 좋아요. 혼자 사는 분들에게 추천해요"
8,"69,000",평점5,오아스토어,21.04.21.,2020년형오아 클린스틱 OA-CL010,받아보니 꽤 좋아요~~ 바닥 미는건 좀 더 크면 청소하는 재미가 더 있을듯 하네요 크기가 상세설명엔 나오지 않아서 여자 손 한뼘정도 ㅎㅎ 밀어보니 소리는 일반 청소기 정도 힘도 괜찮아요~~  작은 먼지도 잘 빨려요~~친정엄마 허리 수술하시고 엎드려서 청소 힘드시고 너무 무거운건 피하셔야해서... 가벼운걸 찾다가 여기까지 왔는데 잠시 불량 확인하느라 사용해보니 가볍고 잘 밀리고 흡입력도 크기에 비해서 굉장히 우수한편이네요만족합니다~~  나중에 초등생 딸아이 스스로 청소하기용으로 하나 더 구매의사 있어요~~^^
9,"69,000",평점5,오아스토어,20.09.19.,2020년형오아 클린스틱 OA-CL010,소리가 여태쓰던 핸디형보다 하이톤으로 시끄럽고 먼지통용량이 적긴한데 그외부분이 최고라서 넘좋네요ㅎ 헤드가작아서 좁은곳이나 깊숙한 바닥구석구석청소하기가 너무좋고 흡입력도 작은크기에비해 완전좋아요 공간차지덜하고 인테리어적으로도 좋네요^^ 평소엔 연장관뺀채로쓰고 대청소할때마다 꼽아쓰기에도 넘 편하게끔 적당한고정력이예요^^ 소음이 조금만 작았으면하지만 그러면 흡입력이 딸릴테니 감안해야죠^^ 1단만해도 왠만한건다 흡입되요 충전시간도 오래안걸리고 사길잘한것같아요~
10,"69,000",평점5,오아스토어,20.07.28.,2020년형오아 클린스틱 OA-CL010,"로봇청소기 사용예정이라 서브로 사용할 작은 청소기가 필요해서 구매했습니다.(창틀,차량,과자부스러기등)제품 고른기준-화이트색상,자리차지하지않는 크기1.배송2틀정도 걸렸습니다. 꼼꼼이 포장(거의3중포장)해서 안전하게 도착2.크기아이들 장난감처럼 작고 가볍습니다.연결해서 쓰면 성인이 서서 쓰기 적당한 길이 입니다.3.소음조용하지는 않아요.작은데 흡입력이 있다보니 ^^4.사용후기얼마나 잘 되겠어? 라는 생각을 했는데요.과자부스러기 다 흡입해요.우리집에 먼지가 이리 많았나 할정도로 필터에 먼지가 잔뜩 있더라고요.저처럼 간단용도 원룸등에 쓰실거라면 괜찮은 제품입니다."
11,"69,000",평점5,옥션,21.08.26.,2020년형오아 클린스틱 OA-CL010,고양이 모래+ 털+ 제 머리카락 치우려고 샀어요!제일 걱정했던게 모래가 도로 나오지 않는 거였는데 모래 도로 뱉어내지 않네요. 복층 원룸에서 사용하기 때문에 일부러 작은거 샀고요 만족합니다. 장난감 같은 느낌이긴한데 가벼운게 이 제품의 장점 중 하나라고 생각해서 좋아요.소리는 조용하지 않고 큰 일반 무선 청소기랑 비슷합니다. 보아르 청소기 구입해보고 만족해서 작은거도 사봤는데 좋아요.먼지통은 작은편이라 자주 갈아줘야해서 방이 여러개면 여러번 갈아줘야할것 같고 저는 청소하고나면 먼지텅 바로 버리기때문에 딱히 불편하진 않네요.나중에 침구 청소 가능한 헤드 나왔으면 좋겠어요.
12,"69,000",평점5,오아스토어,21.09.06.,2020년형오아 클린스틱 OA-CL010,자취생이라 큰 청소기는 필요없고 평상시에는 로봇청소기로 청소해서 구석구석 손이 닿기 힘든곳 위주로 사용하려고 구매했는데 이게 아주 딱입니다 특히 소파청소하는데 손으로 가볍게 들고 구석구석 쏙쏙 잘 흡입되어서 속이 시원합니다로봇청소기가 아무래도 동그랗게 생기다보니 집에 구석진곳들까지 깔끔하게 청소를 못해주는데 그런부분만 오아 핸디청소기 이용해서 한번씩 청소해주면 집안이 아주 깨끗해져요 저는 이걸로 집전체를 청소하는 용도보다는 구석구석 손길닿기 힘든곳 위주로 청소해주니 사용시간도 길지 않아서 전혀 불편함을 못느끼고 사용중입니다.작고 세워두기 좋아서 인테리어에 거슬리지 않고 생각보다 작아서 없는듯이 구석에 세워두기 좋아요
13,"69,000",평점5,오아스토어,21.11.25.,2020년형오아 클린스틱 OA-CL010,한달은 넘게 사용해본 결과 대 만족입니다가벼워서 아이나 제가 휘뚜루마뚜루 밀기 너무 편해요원래 간단한 먼지만 해결해 보려고 구매한건데 의외로 흡입력이 좋아 집안 전체를 밀기도 합니다충전하고 꽤 오래 유지가 되는 편이라 매일 충전할 필요도 없구요참 밀기도 좋지만 먼지통 비우는 것도 너무 편하드라구요그냥 열어서 탁 버리면 깨끗이 비워져서 속이 시원합니다안에 재질도 스테인레스라서 더 믿음직스럽구요일단 너무 이쁘잖아요~~~ㅅㅏ진을 못찍어서 그렇지 실물깡패입니다다른분들도 구매하시는데 도움이 되길 바래요
14,"69,000",평점5,오아스토어,21.09.02.,2020년형오아 클린스틱 OA-CL010,"써보신분의 적극추천이 있어 구매했어요!오아제품은 가습기,고데기,안마기 구매해서 써보니만족했던 브랜드라.더욱 믿음이~^^깔끔한 화이트에저는 머리카락용으로 사서 딱 그정도의 기대를 했는데요. 일반가정용은 솔직히 무거운 감이 있어요.이건. 수시로 먼지며 저의 긴머리칼들을 정리해주는게 참맘에드네요 몇주사용해보았어요.몇일쓰다가 먼지털이 비우는데..경악했네요!먼지도이리 잘먹다니 하면서.ㅋ원룸?작은집, 간편한 무선청소기인데 가성비생각하는분ㅋ머리카락 마니빠지는분 필수..서서 머리칼을 치우는게 짱편함"
15,"69,000",평점5,오아스토어,20.11.23.,2020년형오아 클린스틱 OA-CL010,"생각보다 작아서 깜짝놀랐지만 그래서 더 만족스러워요. 언제 어디서든 빠르게 머리카락 및 고양이모래 구석구석 청소할 수 있는 서브용 청소기가 필요했는데 흡입력도 좋고 구석구석 청소하기 좋습니다~!특히 냥집사님들 필수템이에요. 바로바로 사막화 해결!!원룸에는 요거하나만 있어도 되겠는게, 흡입력 최고~! 무엇보다 너무 가벼워서 손목 부담도 없고 디자인도 예뻐서 인테리어에도 굿이에요!가볍고 휴대성도 좋아서저는 가끔 출근할때 가져가요ㅋㅋ구석구석 머리카락 낀거 청소하려고!! 먼지통이 작긴한데 자주 비워주면 되니까 크게 상관없네요~!"
16,"69,000",평점5,오아스토어,21.07.16.,2020년형오아 클린스틱 OA-CL010,아이방이 2층인데 아무리 무선이라도 들고다니기 귀찮아 매일 청소기를 돌리지는 못했어요. 초1이라 책상 위 지우개똥도 생기고 머리카락도 날리고 하여 스스로 청소하는 습관 길러주려고 이것저것 검색하다가 확장도 되고 컴팩트하게도 쓸 수 있어 이걸로 구매했는데 너무 만족해요. 뚜껑(?)에 꽂으면 세울 수도 있고.. 먼지통도 위생적이고 흡입력도 괜찮아요! 필터도 하나 여분으로 받아서 좋네요. ^^ 깔끔하고 손잡이에 스트랩 달았더니 이동도 용이하고 정말 만족해요.
17,"69,000",평점5,오아스토어,20.12.17.,2020년형오아 클린스틱 OA-CL010,완전 대대대 만족 입니다.일단 다른 제품들 보다 이뻐요 가볍고그리고 리뷰중에 작다거나 힘이 약하다거나하는분들 계시는데...이상품은 미니 핸디형 청소기 입니다게다가 충전식이구요크고 쌔고 좋은거 바라시면80만원 100만원짜리 비싼거 사시면 될 것 같네요소음도 청소기니까..소음이 있다고 생각합니다 저는..개인적으로 타사 제품 이것저것 3개 정도 쓰다가이번에 가습기 사면서 같이 새로 구매한건데딱 침대위나 책상위 생활먼지 등등간편하게 쓰기 좋은거 같아요흡입력도 이정도면 쌘편이고일단 이뻐요~~!!!포장도 착착 다 마음에 듭니다
18,"69,000",평점5,오아스토어,21.09.14.,2020년형오아 클린스틱 OA-CL010,집에 대형 청소기는 있지만 간단하게 청소할 때 필요해서 오아 청소기를 추가로 구매했어요. 허리를 숙이지 않고 쓱쓱 밀면 되니까 좋아요! 무선이고 엄청 가벼워서 편합니다. 다만 아무래도 헤드가 작고 가볍다보니 앞뒤로 왔다갔다하면 헤드가 뒤집어지려고 하긴 하는데 조금 요령이 생기면 괜찮을 것 같아요.청소기 길게 사용할 때는 총길이가 폼롤러보다 살짝 짧은 정도에요. 저는 키가 큰 편인데도 크게 불편함 없어요소음 발생하는 건 당연하다 생각하고ㅎㅎ 디자인도 깔끔하고 가볍게 쓰기엔 좋습니다~
19,"69,000",평점5,오아스토어,20.11.28.,2020년형오아 클린스틱 OA-CL010,비주얼 터집니다~! 이렇게까지 예쁘고 아담한 청소기있나요? 사람들이 청소기 모형인줄알아요~게다가 흡입력 좋네요~예쁜데 자기할일도 잘하는 우등생같아요~소리는 그럭저럭 다른 핸디만큼 나는것같아요. BLDC모터믿고 샀어요 힘세고 고장안난다고 해서 여름철 선풍기랑 세탁기도 죄다 BLDC로 바꿨거든요.긴 봉은 필요없어서 거의 저렇게 짧게해놓고 국소적으로 일정부분만 빨아들이는데 세워둘때는 바닥흡입기를 빼야하더라구요. 그래서 반대로 끼워두니 편합니다ㅋ 반대로도 끼울수있게 해주셔서 감사합니다~
20,"69,000",평점4,오아스토어,21.07.13.,2020년형오아 클린스틱 OA-CL010,"1. 장점- 일단 가볍습니다.- 소음도 1단은 엄청 크지 않아서 퇴근후 초저녁에 사용할수 있을거 같아요.- 1단임에도 흡입력 나쁘지 않습니다.- 본체 사이즈가 작아서 보관 및 정리가 정말 편합니다.2. 단점- 기본형 헤드가 불편합니다. 플라스틱 제질의 기본 헤더의 롤러도 약간 싼티가 나며, 헤더 목부분이 너무 쉽게 돌아가서 청소하려고 밀다보면 지멋대로 방향이 돌아갑니다.- 손잡이의 부재 및 너무 가벼운 제품. 청소기를 사용할때 보통 일련의 동작은 앞으로 민다 -> 다시 뒤로 당긴다 일것입니다. 그런데 이 제품은 손잡이랄게 따로 없고 앞서 말씀드린 불편한 헤더로 인해서 뒤로 당길때 헤더가 뒤집히는 경우가 발생합니다...이건 사족이지만 필터주는 이벤트는 끝났나봐요..? ㅠㅠ 슬프네요.자취를 하거나, 서브 청소기가 필요하신분에게 이 제품은 좋은 선택이 될거 같아요!  정숙하진 않지만 시끄럽지는 않고, 미니멀한 사이즈에 가벼운 무게로 집안 청소, 자동차 청소등 휴대하면서 사용할수있으니까요!!"
21,"69,000",평점5,오아스토어,20.10.11.,2020년형오아 클린스틱 OA-CL010,"•배송: 하루만에 도착 긋•디자인: 콤팩트하고 화이트한게 아주 이쁨 아담해서 1인 가구가 사용하기에 좋음. 플러스마이너스 청소기 가성비 좋게 이용하고 싶은 분이라면 대체품으로 만족할만 하지 않을까 싶어요. 가벼워서 청소기 돌리면서 힘 뺄 필요 없음. 특히 디자인 중요하게 생각하시다면 무조건 구매 고고•실용성: 서브 청소기, 차량 청소기, 원룸 청소기로 적합 배터리 충전 후 7평 원룸 청소하고도 남음틈새 2in1브러시가 아주 좋음 창틀에 사이즈도 딱맞아 먼지 빨아들이기 좋음 이중 먼지필터는 물 세척 가능함. 아주 앙증맞아용•단점 아닌 단점? 청소하다가 구연산을 쏟았는데 한 번에 빨아들이진 못하고 파워모드로 꼼꼼히 청소해야함먼지통이 작지만 바로바로 청소하면 더 깔끔하게 사용할 수 있음. 청소기 헤드가 작은데 구석구석 청소할 수 있어요. 암튼 이쁘고 성능 괜찮고 혼자 다해라~"
22,"69,000",평점4,오아스토어,21.08.14.,2020년형오아 클린스틱 OA-CL010,집이 온통 하얀색이라서 흰색 선택했는데.... 너무 잘 한것 같아요~~거치대에 넣어 충전하려고 어디에 세워놔도 이쁘고요~~받자마자 깜놀 이거 청소기상자 맞아라는 생각이 들정도로 상자가 작아 놀랐고요~~받자마자 1단으로 집 청소했는데....왠만큼 무거운게 아니고는 잘 빨아들여요~~로봇청소기가 구석구석 각진곳은 청소를 잘 못해서 각진 구석이나 창틀 청소하려고 샀는데....  아주 딱이에요~~단지 침대구석 손이 닿지 않는곳 청소하려고 2단으로 돌렸더니 정말 15분도 못돌리더라고요그치만 2단은 왠만하면 사용 안해도 될만큼 평상시는 1단으로도 충분해서 이건 이해하고 넘어가기 충분한 다른 장점들이 많으네요~~하얀바닥에 머리카락 떨어지는거 찍찍이로 줍는게 한게가 있었는데.... 옆에 놓고 보일때마다 청소하니 너무 좋아요~~충전도 단시간에 되서 더더욱 좋네요~~
23,"69,000",평점5,오아스토어,21.09.07.,2020년형오아 클린스틱 OA-CL010,원룸에 사는 친구한테 청소기를 하나 선물하려고 열심히 이것저것 따져보다가 친구가 원룸이라서 둘 곳이 넉넉치 않으니 자리 차지 하지 않는 것이 좋다고 하길래 그 부분에 집중해서 찾게 되었어요 이 상품이랑 비슷한 타사의 청소기도 있었는데요 그건 13만5천원이나 하더라구요 그리고 삼성이 인정한 기술력이라고 하지만 삼성에서 as를 해주는 것도 아니고 삼성에서 만들었다는 것도 아니더라구요그런데 비싸기만 비싸고 오아보다 유명하지도 않고 평점도 비슷하길래 이 상품을 주문했는데 보관할 때 자리 차지 할 일없고 흡입력도 괜찮고 너무 좋더라구요먼지통이 작다고들 하는데 원룸사는 친구한테는 방 면적이 넓지 않으니 충분하고 필터도 물에 씻어서 말려서 사용하면 되니까 돈도 안들고 너무 좋아해요원룸사는 사람이 사용하기 딱 좋은 멋진 상품이에요최곱니다👍
24,"69,000",평점5,오아스토어,21.10.11.,2020년형오아 클린스틱 OA-CL010,"일주일 사용해 보고 후기 남깁니다. 오아 제품은 항상 깔끔하고 디자인이 진짜 마음에 드는데, 이 청소기 진짜 최고 마음에 드네요. 가장 마음에 드는 점은 가벼워서 좋아요. 가벼운데 흡입력은 또 강해요. 그래서 손에 잡기 편하니까 막 부담없이 손이 가고 먼지 슥슥 잘 빨아들여서 좋아요. 필터는 또 재질이 훌륭하네요! 디자안이 이뻐서 책상에 올려두고 쓰기에 허리 굽히지 않아도 되서 좋구요. 손잡이 끈~ 별로 필요하지 않을거라 생각했는데, 쓰다보니까 진짜 좋아요. 충전 가득해서 오늘은 자동차 시트 먼지 닦고 왔는데 여러가지로 활용하기 너무 좋네요. 집에서 창틀, 현관, 책상 등~ 새컨드로 사용하기에 넘 좋은 제품이고, 1인 가구인 집은 메인으로 사용하기에 충분한 제품입니다. 대 만 족 그 자 체! 구매를 망설이지 마세요^^*"
25,"69,000",평점4,오아스토어,21.09.07.,2020년형오아 클린스틱 OA-CL010,최대강점은 작고 가벼운데 흡입력은 생각보다 강합니다. 창틀 청소할때 가벼워서 너무 유용해요. 인테리어 해치지않고 작아서 어디 쏙들어가서 보관도 좋아요.첨받았을땐 장난감 느낌나서 이거뭐지 했어요 ㅎ가격대비 완전만족이예요. 아쉬운점도 있어요.봉조립시 보통 탁 소리와함께 잠기는데반해 그냥끼우는거라 그러네요. 힘껏 넣어주면되지만 아쉽네요. 그리고 앞으로 말고 뒤로 청소기밀때 떠요.. 써보면 뭔얘기인지 아실꺼임.ㅎ 요령생기면 이것도 적응해서 안뜨게 써질듯해요. 원룸이나 방안청소에 추천합니다. 200자 어떻게 확인하죠.. 한자한자 세어봐야하나.. 5천포인트 주세요~!
26,"69,000",평점5,오아스토어,21.10.21.,2020년형오아 클린스틱 OA-CL010,"우왕~진짜 간만에 네이버쇼핑 대만족입니다!우선 디자인; 너무 깔끔하고 슬림해서 어디에 두어도 공간을 해치지 않습니다또한 가벼워서 손목에 부담 전혀 없습니다작고가벼워서 혹시나 흡입력이 약한지는 걱정 안하셔도 됩니다집에서 기르는 새들이 털이 많이 빠져 그거 청소하기 위해 구매하였는데거실이며 방이며 다 밀고 다녀도 가벼운 먼지는 거뜬합니다!아이도 작은 청소기가 귀여운지 자기가 청소한다고 나서서 집이 무척 깨끗합니다아직 조금더 사용해봐야 알겠지만 현재로서는 대 만족입니다3-4만원대 핸디형 고민하다가 조금 더 가격이 있어서 고민했지만, 역시 고민은 선택을 미룰뿐!소형 청소기 고민하셨던 분들에게 대 추천입니다!! 혹시라도 문제가 생기면 a/s만 잘된다면 무조건 최고일 듯 합니다"
27,"69,000",평점5,오아스토어,21.12.28.,2020년형오아 클린스틱 OA-CL010,"이거 진짜 요물입니다.개인적으로 첫 자취용품들 중에 이게 제일 유용한 것 같아요. 저는 자취방이 작아서 그냥 핸디로만 사용하지만, 2단계까지 봉이 함께 온 점도 너무 좋았습니다. (쓰다보면 쓸 일이 생김 ㅋㅋㅋ) 필터 분리하는 것도 굉장히 편리해서 빠르고 편하게 관리할 수 있습니다. 흡입력은 말할 것도 없이 너무 좋아요. 좀 멀리있는 먼지도 지가 알아서 딸려옵니다.특히 좋았던건 스탠딩형 덮개(?)가 있는거에요. 슉슉 사용하고 딱 세워두면 그거만큼 깔끔한게 없습니다.휘뚜루마뚤루 두루두루 쓸 수 있는 잇템 ㅠ 진짜 사세요 추천합니다!!!!! 친구 자취 시작한다고 하면 이거 사줄거에요 .. 후 오아를 처음 알게된 건 고데기였고 이번이 두번째 구매인데 둘 다 너무 잘 쓰고 있습니다. 흥하세요 !!!-!!"
28,"69,000",평점5,옥션,21.11.10.,2020년형오아 클린스틱 OA-CL010,"일단 청소는 해야겠고.. 빗자루로 하기에 힘들어서 급하게 주문한거였는데 배송이 빨라서 좋았어요!이 가격대에 엄청난 성능을 기대하지 않아서 비슷한 제품들을 비교해보고 리뷰도 보고했는데 흡입력이 안좋다는 몇몇 리뷰들이 있어서 고민했는데.. 여럿 비교해보니 이 가격대에 상세페이지에 나와있는 흡입력세기가 제일 강하기도하고 완충시간이 다른 제품들에 비해 짧은편인데 사용시간은 비슷하더라구요 그래서 구매했습니다!받아서 보니 리뷰에있는것과 같이 박스만 보면 이사이즈가 청소기 사이즈라고...?생각이 들정도로 작습니다. 일반 가정용만 사용하다가 보니까 헤드도 작고 뭔가 장난감같은 느낌이지만.. 제가 받은 제품은 다른분이 쓰신 리뷰에서처럼 연결봉 이음새부분은 이상없이 잘 되어있습니다. 저녁시간이라 1분~3분정도 시험삼아 돌려봤는데 소리는 그냥 가정집에서 사용하는 것만큼 납니다 ㅋㅋ.. 기대했던것보다 소리가 커서 놀랬습니다.. 리뷰들보고 흡입력을 걱정했는데, 걱정했던것보다 흡입력도 좋아요! 2단계 고속으로 했을때 머리카락, 강아지 간식 부스러기, 작은종이, 신발장에 있는 흙먼지 등등 잘 빨아들입니다! 12평 정도의 원룸인데 자리차지없이 귀엽게 있고 디자인도 예뻐서 마음에 듭니다 ㅎㅎ 진짜 원룸이나 내 방 청소용으로 좋을것같아요~ 일반 가정용에 비해 생각했던것보다 더 작아서 정말 아이들이 사용할 것같은 장난감 청소기같아요 ㅋㅋ.. 뭔가 느낌도 장난감 플라스틱 느낌이고 2단연결봉으로만 사용할거라 크게 상관없지만 연결할때 좀 힘들게 넣었습니다~무게도 가벼워서 여자인 제가 사용해도 부담없습니다~! 필터도 청소할 수 있게 쉽게 분리가 돼서 좋아요!가격을 생각하면 가격대비 잘 구매한 청소기입니다! 조금 더 오래 사용해봐야 정확히 알겠지만 시험삼아 고속으로 1분~3분정도 청소했을때는 너무 만족스러운 제품이었어요!"
29,"69,000",평점5,G마켓,20.08.13.,2020년형오아 클린스틱 OA-CL010,박스포장 깔끔하고 상품 재질도 꽤 좋습니다. 저렴한 느낌은 아님.상품 받자마자 연장관 연결해서 자취방 한번 돌려본 결과1단에서도 머리카락 먼지는 충분히 잘 빨아들이며 청소가 되었고2단은 흡입력이 아주 좋아서 그냥 2단으로 편하게 청소했습니다.다만 아쉬운 점은 연결해서 쓰는 청소기 입 부분이 꽤 작고(자취방 같은 곳에서 적극 추천) 바퀴가 잘 안굴러가서 바퀴부분이 개선되면 좋을 듯 합니다. 소리는 1단은 괜찮은데 2단이 소리가 크다기 보다는 그 소리의 음역대가 높은 느낌이라 거슬립니다. 일반 청소기처럼 우와아아앙 하는 소리가 아니라 위이이이잉 하는 소리네요.하지만 일반적인 청소기 보다는 충분히 작은 소리입니다.결론적으로 청소기는 가장 중요한 흡입력 크기 무게 등 아주 만족스럽고자취방 같은 공간에서는 무조건 추천 드리며 평수가 있는 가정집에서는서브용으로 아주 좋을 것 같습니다.
30,"69,000",평점5,오아스토어,20.11.23.,2020년형오아 클린스틱 OA-CL010,"코딱지만한 원룸에도 청소기가 필요하더라구요..그동안 밀대로 버텨봤는데 안되겠어서 샀습니다~청소기 비싼 돈 주긴 면적이 넓지 않으니 아깝고..그렇다고 2,3만원짜리 사서 자리만 차지하게 두긴 싫어서 한참 찾다가 오아가 생각났어요.안그래도 오아제품 많이 쓰고 있거든요가습기랑 제습기 공기청정기 눈마사지기 시계까지..정말 혼자사는 사람들 오아 아니면 어쩔 뻔했게요?역시나 청소기가 딱 제 맘에 차는 제품으로다가 딱 있데요? ㅎㅎ마룻바닥 틈새까지 싹 빨려들어가는 거 보면서 왜 진작에 안샀나 싶었습니다.혼자 산다고 기본적인 걸 자꾸 뒷전으로 두곤했었는데 이젠 그러면 안되겠다는 생각이 들었네요앞으로도 가성비 좋은 제품 많이 부탁드립니다~~"
31,"69,000",평점5,오아스토어,21.01.27.,2020년형오아 클린스틱 OA-CL010,이 제품을 구입하기로 결정한 이유\n1. 자리를 많이 차지하지 않음\n분리가 가능해서 연장봉(?)은 책상 아래에 세워놓고 청소기는 책상위에 올려놓음\n2. 인테리어 효과\n하얀 색이라 어디에 올려놓아도 무난하고 디자인도 이뻐서 청소기처럼 안보이네요ㅎㅎ\n3. 흡입력\n카페트 위에있는 먼지를 빨아들일 수 있는 제품을 검색\n\n소음이 생각했던 것보다 크긴 하지만 매일 청소기를 돌리는 사람이 아니라 주말에 대청소 할 때 사용하기 때문에 큰 문제는 안되요:) \n문틀과 매트리스 깔판 사이사이 먼지제거 할 수 있는 틈새 노즐도 있어서 너무 좋아요^^ \n다만 청소기를 자주 돌리시는 분들은 먼지통이 작기때문에 추천하지는 않습니다… 보조용으로는 괜찮을거 같아요~
32,"69,000",평점4,오아스토어,21.12.30.,2020년형오아 클린스틱 OA-CL010,기존에 쓰던 핸디 청소기가 고장 나는 바람에 검색해서 찾은 오야 청소기.많은 리뷰 글을 통해서 일단 마음에 들어서 구매 결정 했고 배송 빠르고 포장 역시 깔끔 하네요.전에 가습기 구매해서 고생했던 기억이 있어 오야 제품 기피 했었는데 이번엔 어떨런지..제품 받고 이틀 써봤는데 일단 무게나 디자인은 합격점이네요.1단과 2단을 연속으로 사용을 못했지만 배터리 효율은 괜찮은 듯 해요.그리고 다른 핸디 청소기에 비해 충전 속도가 매우 짧아서 좋구요.다만 밀때 많이 불편 하네요.직진은 만족스러운데 반해 후진은 들려 버려서 힘 조절이나 스틱 조절 스킬이 필요할 듯.그리고 흡입력은 1단과 2단 모든 그렇게 강하진 않네요.무난하게 쓰기 적합한 제품입니다.
33,"69,000",평점3,오아스토어,20.09.08.,2020년형오아 클린스틱 OA-CL010,가벼워서 구석구석 청소하기 편하고 좋아요 먼지 제거하기도 쉽고 무척이나 마음에 듭니다 물론 소리는 커요 소리가 좀 날카로운편이러 오히려 코드제로보다 큰느낌?ㅋㅋ먼지가 그만큼 잘빨려요그치만 중요한건 한달도 안되서 전원버튼이 고장났네요  처음 받아서 사용했을때 대충만든 제품처럼보이지 않고 신경써서 만든티가 났어요 완전 맘에 들었구요 지금도 맘에 들어요 근데 고장ㅜㅜ as받는거 생각만해도 귀찮...하아..암튼 하루에 1-2회 정도 2분 내외로 사용했기때문에 고장날 이유가 딱히 없어보이는데..좀 이해가 안가요 기능에는 문제가 없는데 버튼이 안눌려요ㅜㅜ 온힘을다해 또는 어쩌다가 아구가 잘맞으면 전원 들어와요 엄지 나가겠어요 이거 어떻게 해야하냐고 톡톡문의 남겨놨는데 답이 없으시네요 주말이라 그런가..?제가 뽑기를 잘 못한건가 싶네요 암튼 좋은제품 같아요 고쳐서 빨리 정상적으로 쓰고싶네요 ㅜ 아기있는 집 강추요
34,"69,000",평점5,오아스토어,20.09.15.,2020년형오아 클린스틱 OA-CL010,너무 만족합니다.사실 전 흡입력이나 기능은 그냥 평타만 쳐도 상관없고디자인이 예뻐서 샀어요머리말리고 나서 바닥에 떨어진 머리카락이라던지 강아지털 눈에 보이는거 돌돌이로 치우기엔 한계가 있어서그냥 그때그때 치울 용으로 샀어요그래서 매우만족합니다!!!매우 가볍고 한손에 꼭들어오고 세워놔도 이쁘고 걍 최고네여잠깐씩만 사용해서 배터리 받자마자 아직 충전안했는데도 재충전 안하고 잘 사용중입니다.소리도 별로 안커요먼지 버리는것도 쉽고가격이 좀 비싸서 고민했는데 그 값 하네요참고로 청소기 헤드?는 진짜 손바닥만해욬ㅋㅋㅋ먼지있는 사진은 거실 잠깐 돌렸는대도 저만큼 빨아드렸어요강추합니다!!!!
35,"69,000",평점5,오아스토어,21.09.05.,2020년형오아 클린스틱 OA-CL010,"일단 크게 무겁지 않으면서 괜찮은 흡입력을 가진다는 게 큰 장점.소소한 단점은 있어요.예를 들면 사진과 같은 헤드를 달았을 때 미는 동작은 되지만 당기는 동작은 헤드가 들려버려서 어렵다는 점. 완충 시간이 길다는 점. 소리가 덩치에 지해 작진 않다는 점.근데 저는 자취방에서 사용하는 거라 꼭 완충시킬 필요가 없어서 적당히 충전시키고 그때그때 사용하고요, 늦은 밤시간 아닐 때 청소기 돌리면 돼서 소리는 크게 신경 안 써서 단점이 크게 부각되진 않아요.연장파이프를 이어붙여서 길게 사용할 수도 있지만, 전 그냥 신발장에 걸어놓고 그때그때 쓰려고 짧게 쓰고 있어요. 입맛대로 사용하면 될 듯.여러모로 가성비 좋게 잘 쓴단 생각입니다."
36,"69,000",평점5,오아스토어,21.07.20.,2020년형오아 클린스틱 OA-CL010,"도심지에 살다보니 매일 정전기청소포를 돌려도 먼지가 감당이 안 되었어요. 그렇다고 유선청소기를 매일 꺼내서 돌리자니 청소가 또 하나의 일이 돼버려서 버거운거예요. 그래서 핸디형청소기를 열심히 찾아보았는데 대부분 무게가 1kg이 넘어서 살 엄두가 나지 않았어요. 손목이 안 좋아서 무거우면 결국 안 쓰게 될테니까요.그러다가 오아청소기가 가볍고 성능 대비 가격도 좋아서 샀는데, 우와ㅡ 정말 신세계네요.하루에 두세번씩 돌려도 손목도 안 아프고 무선이라 청소포로 청소할 때만큼 간편하면서 집은 더 깨끗해졌어요. 작고 가벼우니까 행거에 걸어놔도 괜찮고 너무 좋네요.올해 구매한 물건 중에 최고예요^^"
37,"69,000",평점4,오아스토어,20.11.12.,2020년형오아 클린스틱 OA-CL010,"집에 수납과 공간이 부족해서 최대한 깔끔한 제품을 찾고 있었습니다.정말 귀엽고 이쁩니다. 소음이 있다고 하시는데, 2단계로 돌릴 때, 80-85데시벨입니다. 낮에는 아무 상관이 없고, 밤에는 머리카락 정도 잠깐잠깐 흡입하면 문제없는 소음입니다.소형이다보니 헤드도 아담합니다. 혼자 거주하신다면 충분히 사용하실 수 있습니다.구매전 비슷하게 깔끔한 O오미 제품과 고민했는데, O오미 2단 흡입력이 오아 클린스틱의 1단계 흡입력이라 고민없이 오아 제품 선택했습니다. 헤드 또한 여러개 있어야 짐이되고, 다 쓰지도 않기에 컴팩트한 오아 제품으로 선택했습니다. 자취방뿐아니라 차량용으로도 사용하기 좋을 것 같습니다. 충전이 빠른 점, 충전하는 동안 미관을 해치지 않는다는 점 등 장점이 많이 있는 제품입니다."
38,"69,000",평점5,옥션,20.12.16.,2020년형오아 클린스틱 OA-CL010,"무선핸디청소기를 구입한 줄 알았는데... 인공지능로봇청소기 부럽지 않아요. 처음엔 박스가 너~~어무 작아서 이게 뭔가 싶었는데 열어보니 너무 작고 가볍더라구요. 첫마디가.장난감이네. 했는데 그말을 듣고 아이들이 눈이번쩍. 장난감? 하더니 달려오더군요. 이쁘다 가볍다 그러더니 서로 내가 청소할래 하고는 하루 종일 틈틈히 수시로 청소기를 돌리고 있네요 ㅎㅎㅎ 아이들이 들어도 가볍고 소음도 일반청소기에 비해 적은편이라 청소하자"" 소리만 들어도 도망가던 강아지도 신경을 안쓰네요. 먼지통이 작아서 놀라긴했지만 디자인 성능 무게감 모두 만족입니다. 무거운 청소기는 창고에서 잠들다 가끔 쓰게 될꺼같아요"
39,"69,000",평점5,오아스토어,21.09.15.,2020년형오아 클린스틱 OA-CL010,"리뷰를 많이 보긴했지만 너무 싼 가격에 반신반의하면서 구입하게 되었습니다!!처음 택배 받았을때는 조금 장난감 같아서 깜짝 놀란 것도 잠시.. 조립해보니 컴팩트하니 자취생에게 딱입니다.(조립이라고 할 것도 없고.. 똥손임에도 그냥 뚝딱뚝딱 하니깐 바로 만들어집니다!!)자취한지 언 1년이 되어가는데 살림살이 늘려놓기 싫어서 3m밀대,부직포와 빗자루로 살았는데...자리차지도 많이 없고 화이트색상이라 어디든 찰떡이고..! 너무 좋네요.다만 소음은 조금 있는 편이라서 한밤중에는 조금 조심해야할 것 같습니다.그래도 가성비 좋고 자리 차지 많이 없고 컴팩트한 사이즈라서 자취하시는 분들에게 추천합니다!!"
80,"69,000",평점3,G마켓,21.09.21.,2020년형오아 클린스틱 OA-CL010,다리아픈 어머니가 주변 정리용으로 쓸 청소기가 필요해 샀는데 크기가 생각보다 더 작아 장난감처럼 보여요. 귀엽긴한데 1단으로해도 엄청 시끄럽네요. 흡입력은 머리카락은 잘 못 빨아들이고 다른 자잘한 먼지들은 괜찮아요. 봉을 끼우면 흡입력이 조금 더 떨어지는 것 같아 우선은 안끼우고 쓰고 있어요. 봉보다 문제는 넓은 흡입구가 끼우면 헤드가 고정이 잘 안되고 뱅뱅돌아요. 헤드가 무게 중심이 없이 가벼워 밀면 힘없이 꺽여버려 많이 불편해요. 그리고 흰색이라 그런지 때가 잘 타네요. 예쁘긴한데 그리 잘샀다는 생각은 안들어요.
81,"69,000",평점3,오아스토어,20.12.26.,2020년형오아 클린스틱 OA-CL010,"리뷰에 손잡이 불편하고 먼지통 작다고 해서 걱정했는데 전 나쁘지 않아요. 잘산것 같아요.집에 청소기 있는데 제가 새벽에 자기전에 청소기 돌리는데 소음때문에 못돌려서 구매했어요. 돌돌이는 머리카락 엉켜서 불편하고.. 머리카락 청소용으로  샀어요. 소음은 생각보다 좀 있어요.ㅠ 따가운소리라고 해야하나.. 우렁찬소리 말고 엥하는 소리? 아무튼 방이나 원룸에서 쓰기 좋아요. 그런데 거치대가 없다보니 연장관, 브러시 둘때가 없네요. 이건 완전 단점.  bldc모터 좋다고 해서 샀는데 계속 써봐야 알것 같아요. 먼지통 알림 표시 있고 1단 2단 전원버튼이랑 따로 있어서 좋아요."
82,"69,000",평점5,오아스토어,21.04.06.,2020년형오아 클린스틱 OA-CL010,손목이나 손가락 관절 약해서 한달이상 폭풍검색하다 지쳐 포기하다가 제습기 쓰고 괜찬아서 여기 청소기도 사봤습니다 500그램이니 진짜 손목에 무리 없고 흡수력 짱짱 하고 빗자루 사는거 아니고 청소기계를 사는건데 소음 당연히 있는거고 밧데리가 반영구적이라고 하셨는데 5 년만 무탈하게 써도 바랄게 없겠습니다 맘에 들어 자취하는 자식들한테 한개씩 총4개 사줄겁니다 근데 그새 6천원이 올랐군요ㅠ헤드가 작은게 구석까지 청소기가 들어가서 좋은반면 청소시간은 오래걸리는 장단점이 있습니다
83,"69,000",평점5,오아스토어,20.10.16.,2020년형오아 클린스틱 OA-CL010,쓰던 게 망가져서 샀는데 이게 훨씬 흡입력 좋고 헤드도 작고 유연해서 사용 쉬워요 이런 종류 청소기 중에 제일 나아요 방에서 잠깐씩 쓰실 분들은 그냥 이거 사시면 될 것 같아요걱정했던 단점들은 전 별로 거슬리지 않았습니다1. 봉이 빠진다 -> 있는 힘껏 꽉 꼈더니 안빠져요2. 오래 잡으면 손 아프다 -> 방에서만  잠깐씩 써서 손 아픈 건 없었어요 오히려 가벼워서 더 좋았음3. 먼지통 작아서 비우기 귀찮다 -> 생각보다 그렇게 자주 비우게 되지 않고 그냥 열어서 털어버려서 별로 안 힘들어요
84,"69,000",평점5,오아스토어,21.08.19.,2020년형오아 클린스틱 OA-CL010,친구가 자취방에서 쓰는 데 너무 좋아보이길래 따라서 구매했어요! 집에 로봇청소기가 있지만 모서리틈청소나 급하게 청소가 필요할 때 간편하게 쓰려고 오아 클린스틱을 주문하게됐어요.색상은 아이보리색으로 깔끔하고 슬림디자인으로 공간차지도 별로 안해서 수납하기 너무 좋아요.성능도 무선 핸디형 선풍기인데 선꽂고 쓰는 일반 청소기만큼 흡입력이 강하다고 느껴져요.조립도 간단하고 좁은 틈 청소 및 차량내부 청소도 가능함 등등 모든 측면에서 만족스러운 청소기에요🥰 저도 지인들한테 추천하고 다녀요~
85,"69,000",평점5,오아스토어,21.11.04.,2020년형오아 클린스틱 OA-CL010,처음에는 상자가 너무 작길래 놀랐는데 조립하면서도 이게 청소가 잘되나..?하고 의심했는데 진짜 너무 가볍고 흡입력도 대형전자 핸디청소기보다 훨씬 낫습니다!! 디자인도 너무 예쁘고 분리형이라서 이사갈때도 편할것같아요ㅠㅠ 청소기는 혼자 서있을수 없어서 벽에다 그냥 세워놓는데 이것도 나쁘지 않습니다! 그리고 필터에서 놀란게 이중필터인데 맨안쪽 필터에는 거의 모래같은 먼지들이 나오더라구요 그래서 기술력에 놀랐습니다.. 가격대비 정말 괜찮은 상품같습니다 나중에 청소기 바꿀때되면 여기서 재구매할 의향있습니다!!
86,"69,000",평점5,오아스토어,21.09.10.,2020년형오아 클린스틱 OA-CL010,"구형화이트 사용하다가 너무 괜찮네 해서 하나더 사야지했는데 신형이라고 해서 바로 질렀어요.신헝과구형스팩차이는 없는데 흡입판사이즈가 좀더커졌고 연결봉이 블랙은 알루미늄이네요 두가지색상 놓고 비교하니깐 블랙이 훨씬 깔끔한 블랙이라 좋네요.하나는 서재방에 컴퓨터책상위,바닦구석진곳에 빠르고 간단하게 사용할수있어 너무좋아요근데 버튼내구성이 좀 안좋은거같아요 1년쯤됐는데 사용빈도가많지않은데 구형화이트 버튼이 잘안되네요 힘껏 꾹눌러야 작동됩니다 이점이 좀아쉬워요 오아 추천입니다"
87,"69,000",평점5,오아스토어,21.06.17.,2020년형오아 클린스틱 OA-CL010,"미관상으로도 이쁘고 공간 차지도 별로 안해서 원룸에서 사용하기에 딱 좋은 것 같습니다.흡입력만 괜찮으면 조동아리가 작아도 상관없다는 엄마의 말을 듣고 구매했는데 정말로 딱히 불편하지 않아서 잘 쓰고있어요!아쉬운 점이 있다면 청소기를 조립(?)할 때 돌려서 맞추거나 그런게 아니라 그냥 끼워넣는거라서, 귀찮아서 대충 넣으면 쉽게 빠지더라구요. (오래 사용하면 헐거워질 수도 있을 것 같구요)그래도 일단은 크게 불편함 없이 잘 사용하고 있습니다! 만족스러워요!"
88,"69,000",평점5,11번가,21.06.01.,2020년형오아 클린스틱 OA-CL010,"작지만 실속있는 제품이라 생각합니다^^ 개랑 고양이를 키우고 있어서 털갈이때 난리도 아니라; 틈틈이 방청소에 워낙 신경쓰고 있는데요, 소형 청소기가 이렇게 기특하게 잘 나오는 시대가 되었단걸 너무 늦게 안 기분이랄까요^^; 무튼 정말 알차게 활용 잘하고 있습니다. 소리는 그냥 덩치상관없이 청소기 다운 정도에요^^ 그렇다고 일반 가정용 청소기만큼의 db는 당연 아닙니다만, 귀가 아플정도로 거슬리는 정도는 아니라고 생각합니다. 물건 받고 약 한달간 충분히 써보고 리뷰 남겨요. 반려인들한테 이런 청소기 하나쯤 있으면 차량용으로 쓰던, 간이 방청소용으로 쓰던.. 상시사용이 용이한 제품이니 정말 요긴하다고 추천할 수 있을 것 같아서 리뷰까지 남깁니다☆ 재구매의사 얼마든지 있구요☆ 주변 반려인들에게도 선물로 해주려고 염두해두고 있습니다ㅎㅎㅎ 대성하세요. 잘쓸게요~☆"
89,"69,000",평점5,오아스토어,21.02.23.,2020년형오아 클린스틱 OA-CL010,"오아 마사지기 만족하며 사용하고 있어서 청소기도 믿고 구입했습니다 ㅎㅎ 친구 선물용으로 구입했는데, 친구가 만족스러워해서 뿌듯해요!!보관은 공간이 많이 차지하지 않도록 작게,사용할 때는 길고 편리하게 사용할 수 있다는 것이 큰 장점인 것 같아요! 무선청소기와 가격대비 흡입력도 좋습니다!물론 유선에 비교하면 안되요! (그 어떤 가전제품도 무선보다 유선이 더 강력하기에!! 고데기만 해도 그렇잖아요?)항상 청소포와 물걸레로 청소했었는데, 이제는 더욱 깨끗하게 청소할 수 있어서 좋다고 해요 !!원룸에서 사용하기에 가장 최적화된 상품이 아닐까 싶어요...! 고민하시는 자취러분들~! 삶의 질이 달라지실 거예요 ㅎㅎ 청소기 없는것보다는 있는게 좋아요!!"
90,"69,000",평점5,오아스토어,21.09.17.,2020년형오아 클린스틱 OA-CL010,"청소기가 생각보다 작았고, 진짜 가벼워요 그래서 청소할떄 팔이나 어깨가 아프지 않아 편하게 청소할수 있고 헤드가 생각보다 작아서 넓은 공간을 청소하기엔 좀 힘들거같아요 ㅎㅎ (자취하시는 분들에게는 강추) 그리고, 저렴하게 주고 사긴 했지만, 헤드부분에 불빛이 없는거랑, 손잡이 부분이 생각보다 엄청 편하지 않는점이 아쉬웠는ㄷ ㅔ 그점 빼고는 가격대비 전반적으로 만족합니다. 흡입력도 좋은편인거같아요~! 배터리 성능은 좀 오래갔으면 좋겠는데 일단 그건 써보고 한달후기로 남겨보겠습닏ㅏ."
91,"69,000",평점4,11번가,21.03.26.,2020년형오아 클린스틱 OA-CL010,작은 사이즈지만 가성비는 좋은듯요.배송 받고 바로 기본충전상태에서 돌려봤는데 성능은 좋아요.근데 거치겸용 커버는 기능적으로는 큰용도는 없지만합체가 안되어 살짝만 건드려도 분리되니 ㅠ그리고 브러쉬 바닥밑 스크래치방지용인지 두군데 동그란 검정솔 두개는 청소후 먼지묻어 한번 씻었더니 금방 헤져서 오래 못갈듯 해요. 용도가 정확히 뭔지는 모르겠지만요. 청소기능에는 큰 지장 없을지..세컨청소기지만 손쉽게 쓸수있으니 손이 자주 갈듯합니다.
92,"69,000",평점5,오아스토어,21.07.21.,2020년형오아 클린스틱 OA-CL010,와 너무 괜찮아요..! 로봇청소기가 있는데 구석이라던지 어떤 곳은 청소가 안되서ㅠㅠㅠ 청소기가 필요해서 알아보다 구입했습니다. 디자인을 많이 생각해서 다른 20만원대 청소기 구입하려다 이 청소기 보고 주문하게 됐어요. 진짜 너무 만족이예요. 저렴한데 품질 너무 괜찮아요. 디자인을 많이 생각했는데 받아보니 깔끔하고 예쁩니다. 근데 좀 아쉬운 점은 거치대가 없다는 점이예요. 보관이 조금 애매합니다. 그리고 바닥부분에 털? 같은건 왜 붙여놓으신지 의문이예요. 머리카락이나 이런게 그쪽에 뭉쳐져요. 리뷰에서 보고 저도 거기가 테이프 붙였어요. 이 두가지가 좀 아쉽지만 너무 만족합니다.
93,"69,000",평점5,오아스토어,21.03.05.,2020년형오아 클린스틱 OA-CL010,쓰던 핸디 청소기의 충전기가 고장나서 새로운 무선 청소기 검색을 하다가 첫번째가 디자인이 마음에 들어 구매 하게 되었네요일단 재사용 할 수 있는 필터인점도 맘에 들었고요근데 소리가 재법 크긴하드라구요약간 소리에비해 흡입력은 약한것 같지만요아쉬운 점은 배터리 잔량 표시가 없어서 사용하다가 갑자기 꺼져요그리고 본체가 슬림하다보니 그만큼 통도 자주 비워 줘야 한다는 점? 배터리 잔량 표시 그점만 보완 되도 좋을것 같습니다.고장없이 오래 쓸 수 있었으면 좋겠네요
94,"69,000",평점5,옥션,21.09.16.,2020년형오아 클린스틱 OA-CL010,"원룸이라 방이 작아서 너무 큰 청소기를 들이기가 싫었어요 작으면서도 성능이 괜찮고, 차량에서도 쓸만한가?그리고 '거치' 할 수 있는가? 라는 생각을 가지고저렴한것 보다 한단계 위로 구매를 하려고 했는데 오아 제품을 만났네요 저렇게 세워두면 잘 있어요 ㅎㅎ; 흡입 잘 되구요 공간 적게 차지하는게 제일 좋아요 먼지통 자주 갈면 귀찮겠지만.. 그렇게까지 많이 나오는 환경이 아니라서 구매했습니다. 부디 오래 사용할수 있기를 바랍니다"
95,"69,000",평점5,오아스토어,21.03.19.,2020년형오아 클린스틱 OA-CL010,진짜 너무 맘에 들어요^^ 일단 디자인 이쁘고 소음이 쬐끔 있지만 당연히 이정도는 어느 청소기나 마찬가지아닌가요? 그리고 무엇보다 흡입력 너무 좋고 사용하기 편해서 무엇보다 대대대만족입니다. 진짜 별로 더럽지않은곳에 머리칼 몇가닥 쓸어담은것같은데 보관통안에보니..먼지가 ㅎㄷㄷ 정말 잡먼지까지 다 잡아주는거보구 너무 놀랬어요^^ 통이 작아서 자주 비워줘야한다는게 불편하다 하시지만 그거야 돈드는일아니니까^^ 아무쪼록 많이 파시고 번창하세요^^
96,"69,000",평점5,오아스토어,21.09.09.,2020년형오아 클린스틱 OA-CL010,크기는 작은데 파워가 정말 좋습니다! 영상 보시면 아시겠지만 1단인데 고양이 모래도 잘 빨아들이고 정말 좋습니다!먼지 모아서 두세번 정도 왕복하면 깔끔해집니다!그리고 처음 수령후 다른분들도 말씀해주셨던 먼지통 부분이 분리되어서 고객센터에 문의했는데 친절하게 응대해주시고 빠른 교환도 해주셔서 좋았습니다!먼지통 연결부분이 약한부분이 조금 아쉽습니다만 그외 다른 불편한점은 없기에 대만족합니다!후회없어요! 여기서 밥통과 청소기 구매했는데 만족하면서 쓰고 있습니다!다른 제품들도 관심이 가네요! 기회가 된다면 구매할 의향 만빵입니다!
97,"69,000",평점5,오아스토어,20.09.06.,2020년형오아 클린스틱 OA-CL010,"진짜 너무 가벼워서 행거에 걸어놔도 문제 없어요!원룸 청소기를 찾고있었는데, 전부 작아도 무게가 기본 1kg는 되더라구요. 그렇다고 차량용 청소기는 길이 연장할 수 있는 봉이 없어서 별로였구요. 마침 잘 찾아서 손목에 무리없이 집안 먼지를 다 흡수해줘요!패키지도 정리가 잘되어 있어서 안쓸때는 저렇게 다 분리해서 박스 안에 넣고 보관할수 있어서 좋아요.진짜 최근에 산 가전제품 중에서 제일 잘샀다고 생각해서 친구들한테도 자랑하는데, 구경 온 친구들도 진짜 잘 샀다고 해줘요!정말 좋습니다~~ 너무좋아서 입이아파요~~"
98,"69,000",평점5,오아스토어,20.10.06.,2020년형오아 클린스틱 OA-CL010,"쓸만한데 20분까지는 못쓰고 15분 조금 넘기면 꺼지는것 같음. 어차피 로봇청소기랑 같이 쓸거라 구석구석 좁은곳만 청소 잘하면 되고, 자잘한 청소 도구가 많아서 일단 겉보기에 청소기같지 않고 깔끔해야 되는게 1순위라 만족함. 청소포로 고생하다 청소기 쓰니까 쪼금 살만한 정도. 방 넓고 온 방 구석구석 청소하려고 사시는 분들은 효율과 용도를 재고해보는 것을 추천드림. 꼼꼼하게 창틀부터 구석까지 방 한개 청소 가능하고 대충 바닥만 슥슥 방 2.5개 가능한 느낌이라 생각하시는게 맞음크기랑 벽에 걸었을 때 느낌은 사진참고."
99,"69,000",평점3,오아스토어,21.03.04.,2020년형오아 클린스틱 OA-CL010,귀찮니즘이 있는 사람들은 쓰기 힘든 청소기장점1 이쁘다장점2 필터가 스테인리스 재질이라 깨끗한 느낌단점1 먼지통이 엄청 작다. 자주 비워줘야 한다단점2 충전중엔 청소기 전원이 들어오지 않는다.. 꼽았다 뽑았다 쓰고 꼽았다 뽑아 쓰고단점3 봉이 있는채로 쓰려고 산건데 1단 봉 길이 애매... 2단까지 쓰기엔 길고 애매... 봉 끼워 놓으면 거치도 애매..ㅜㅜ단점4 소음이 엄청 심하다 1단도 심한데 2단은 우리집 고양이할배가 놀라서 경계할 정도단점5 그립감 정말 별로. 이 애매한 그립감은 대체 무어란 말인가 5분도 안쓰고 손가락에 쥐나는 줄
100,"69,000",평점5,오아스토어,21.08.23.,2020년형오아 클린스틱 OA-CL010,"처음엔 파워도 약하고, 용량도 작아서 조금 잘못샀나싶었지만 가성비와 효율면에서는 따라잡을게 없긴하네요. 혼자 사는 자취방이나 약간 작은 신혼집에는 딱입니다. 파워도 솔직히 이정도면 매우 준수한 편이고, 용량도 양이 많으면 수시로 갈아야겠지만 일주일이나 이주일에 한번씩만 갈아줘도 충분합니다. 머리가 자연스럽게 휙휙 돌아가서 구석구석 잘 들어가는 것도 마음에 드네요. 좋은 제품입니다. 아쉬운점은 세울때 뭔가 거치대가 있으면 좋겠습니다. 어디다 걸어두자니 조금 애매하긴 합니다."
101,"69,000",평점5,G마켓,20.11.30.,2020년형오아 클린스틱 OA-CL010,일주일 데리고 살다가 정들어서 왜옹이라고 이름도 붙여줬어요.(청소기 사이즈가 작다보니 우리가 아는 우우웅~ 하는 소리가 아닌 화난 고양이 소리지르는 것 같이 왜애애옹~하는 소리가 나요)처음에 배송왔을 때는 헤드 사이즈가 한뼘도 안돼서(사진은 양말이랑 비교샷이예요^^)아..잘못샀구나..장난감이구나..차량용 청소기로나 써야지 했는데 쓰다보니 제 역할은 충실히 하는 친구였어요.헤드가 많이 작긴 하지만 10평 이하의 주거공간이라면 불편함 없이 사용할 수 있을 것 같아요. 자취러 추천템입니다^^
102,"69,000",평점5,오아스토어,20.12.29.,2020년형오아 클린스틱 OA-CL010,"순전히 디자인 때문에 구매했다고 해도 과언이 아닐만큼 너무 디자인이 이쁘고 크기도 앙증맞네요 오아 제품으로 가습기,멀티쿠커를 쓰고 있는데 군더더기 없는 디자인에 기능적으로도 매우 만족하며 잘 사용하고 있어서 청소기도 브랜드 믿고 덥썩 구매했는데요 생수병보다 작은 몸체인데도 제법 잘 빨아들여서 놀랐어요 헤드가 작아서 오히려 저렇게 작은 틈새공간 청소하기도 좋을 것 같아요 원룸사는 분들에게 딱 좋은 크기같고 부피도 많이 차지하지 않아서 좋네요 앞으로도 좋은 제품 많이 만들어주세요~"
103,"69,000",평점5,오아스토어,21.04.24.,2020년형오아 클린스틱 OA-CL010,방문 뒤쪽이나 선반 등 로봇청소기가 못하는 곳만 제가 직접 청소하려고 샀어요. 고운소금 뿌려서 흡입테스트 해봤는데 1단은 소금을 천천히 더디게 빨아들였고 2단은 빠르게 흡입하네요. 주로 2단으로 사용할거고 연장봉은 저는 안쓰려구요. 바닥 메인청소기로 쓰기엔 다소 무리가 있을것 같구요  보시다시피 브러쉬가 굉장히 작아서 저처럼 책상위 먼지제거 등 서브용으로 쓰기 딱 좋습니다. 고장없이  오래쓰고 싶습니다. 사진은 Tv리모컨과 크기 비교입니다 참고하세요
104,"69,000",평점5,오아스토어,21.07.10.,2020년형오아 클린스틱 OA-CL010,"올해 가장 잘한 소비중 하나네요!  원룸 자취방이라 너무 자리차지하지 않고 심플한 걸 찾다가 알게되었어요. 집에 있는 미니 공기청정기, 커피포트가 오아꺼라서 믿고 구매했는데.. 자취생의 삶의 질이 달라지네요😳 이렇게 컴팩트한데 출력도 좋고 예쁘고 가성비까지 좋다니.... 일반 가정집에서는 어떨지 모르겠는데 원룸에는 이만한게 없어요! 진짜 최고예요!!! 아직까지는 불편함 없이 아주 잘 쓰고 있습니다~ 좋은 제품 감사합니다!❤️"
105,"69,000",평점4,오아스토어,21.02.22.,2020년형오아 클린스틱 OA-CL010,리뷰에서 소리때문에 걱정을 많이 했는데 걱정을 많이 해서 그런가 생각한 만큼 크지않아서 저는 괜찮았어요👍🏻 일단 원룸에서 쓰기에 적합한 제품이라 생각하구요. 작고 무게도 가벼워서 수시로 청소하는 저에겐 진짜 제격이에요좀 더 비싼거 살까 하다가 무게나 크기 때문에 이 제품 샀는데 정말 만족합니당🙂근데 연장관은 딱 맞아서 딸각하고 맞게 들어가면 좋겠지만 저거 힘으로 그냥 쑤셔넣은거에요ㅜㅜ사실 뺄일이 없어서 그냥 써야겠다 했지만 저부분은 쪼끔 아쉽습니당.
106,"69,000",평점5,오아스토어,21.09.15.,2020년형오아 클린스틱 OA-CL010,우선 가격이 가성비가 너무 좋아요!머리카락이 많이 빠져서 돌돌이로 청소하기 버거워서 구매했는데 잘 산것같아요!생각보다 흡입력이 엄청 좋아요!사이즈도 작고 슬림하게나와서 그런지 자취방에 크게자리 차지하지 않아서 너무 좋아요!귀여운 디자인이라서 인스타에 올라올 법한 방에 있을것 같은 청소기에요ㅋㅋㅋ음...흡입하는 부분에 비해 몸뚱이가 무겁기는한데 크게 거슬리지는 않아요.통 분리하는 부분이 빡빡해서 조금 불편하지만 사용하다보면 적응될것같아요~!만족스러운 구매였습니다~!
107,"69,000",평점5,오아스토어,21.09.13.,2020년형오아 클린스틱 OA-CL010,생각보다 무게도 정말 가볍고 (한손으로도 쉽게 들 정도) 성능도 좋습니다. 가볍다 보니 별로 힘 안들이고 청소할 수 있어서 더 자주 청소하게 되는 장점이 있네요. 충전도 그냥 한 번 해두면 굉장히 오래가서 신경 안쓰여서 매우 만족입니다. 큰 가정집에서 사용하기에는 사이즈가 약간 아담할 것 같고 원룸에 딱이네요. 원래 가격은 좀 부담스러운 것도 있었는데 이번에 할인해서 6만원정도에 사서 가성비도 굉장히 좋은 것 같아요.
108,"69,000",평점5,오아스토어,20.11.28.,2020년형오아 클린스틱 OA-CL010,제가 이번년도 산 물건중 제일 잘 산 물건입니다작은데 흡입력도 좋고 예쁘고 가볍고 그냥 최고에요😭😭😭😭주변사람들한테 다 추천했어요원래는 강아지 털 잠깐잠깐 치울 용도로 산건데 퇴근하고 피곤할땐 이걸로 슥슥 거실 방 다돌립니다소음도 적고(제기준 헤어드라이기정도) 본체에 팔에 낄수있는 고리가 있어서 끼고하면 너무 편하고 ㅠㅠ 무선은 무거워서 안쓰게 됬는데 두번사고싶을 정도로 좋아요먼지 버리는것도 너무 쉽고 편하고 세척할수있어서 좋아요쓰다보니 너무 찬양만 하는데진짜 좋아요 💕💕👍👍👍👍
109,"69,000",평점5,오아스토어,21.09.14.,2020년형오아 클린스틱 OA-CL010,오늘 오자마자 사용해봤어요일단 가볍고 휴대가 용이합니다헤어드라이하고 방바닥에 떨어진 머리카락 치우는 일 은근히 너무 귀찮았는데 이 가벼운 아이로 한번 쓱싹하고 나니 번거롭게 큰 청소기 안꺼내도 되구요 허리굽혀 줍지 않아도 되요 너무너무 좋네요 그리고 차량에서 사용 시에도 아주 굿굿입니다화이트랑 블랙 고민하다가 차량에도 쓰고 때탈 걱정없이 블랙으로 구매했어요 소음은 다이슨헤어드라이어기랑 흡사합니다 큰 대용량 청소기보다 조용하고 소음 걱정없이 밤에 쓰기에도 좋을거 같아요
110,"69,000",평점5,오아스토어,21.09.03.,2020년형오아 클린스틱 OA-CL010,"일단 작고 이쁘구요, 가볍고.. 비슷한 크기의 다른 제품이 있는데.. 그녀석보다 소리는 약간 작으면서 흡입력이 더 좋은것 같아요. 작은 먼지나 머리카락 정도에는 1단도 충분해서 아직 2단은 안 써봤구요. 동영상 찍으려고 방바닥 뒤지다가 결국 과자를 한봉지 뜯었습니다ㅋ 바깥쪽 필터가 금속으로 되어있는 것도 것도 맘에 들어요. 플라스틱은 정전기 생기잖아요. 그리고 마지막으로! 한번 충전하면 꽤 오래가네요. 완충하고 지금 4일째 아침저녁으로 잠깐씩 쓰고있는데 아직 쌩쌩해요ㅎㅎㅎ 좋은제품 만들어주셔서 감사합니다. 잘 쓸게요^-^"
111,"69,000",평점5,오아스토어,21.10.17.,2020년형오아 클린스틱 OA-CL010,일단 빠른 배송 감사합니다 디자인 심플하고 이쁘네요 카라반에서 소형 핸드 청소기 사용 하고 있었는데 흡입력이 별루라 여러 상품들 비교 엄청 해가며 선택했는데 오아를 선택한게 옳았네요 작은데 흡입력 완전 쎄요어제 캠와서 지금 청소했는데 와 속이 다 시원하네요 왜 이제서야 오아를 알게 됐는지...핸드청소기로 청소했을때는 같은곳을 몇번을 해도 잘 빨려들어가지 않았던 먼지가 오아 한번 지나가면 쑥 빨려들어가네요다만 헤드부분이 청소기를 밀었다 당길때 좀 들리면서 오는데 이부분이 좀 불편해요 아직 스킬이 없어서 그런지 이부분은 좀더 사용해봐야 될거 같아요그래도 장점 한 가득인 오아 우리 카라반 청소쭉 깨끗하게 책임져줘~~~
112,"69,000",평점1,오아스토어,21.05.26.,2020년형오아 클린스틱 OA-CL010,날씨가 많이 더워졌습니다.그래서 그런지 청소기 배송받고나서  일주일도 않되었는데 스위치 부분이 벌어져 버렸습니다.양면테이프 같은것으로 붙여서 만드셨나본데.. . 다시 붙지를 않네요~ ㅠ ㅠ그래서 돼지본드를 이용해서 붙이니까 본드가 질질 흘러나오고 지저분해졌네요~ ㅠ ㅠ 내일이면 붙어 있겠죠?혹시 쩔어붙어서 작동이 안되는건 아닐지 걱정이....AS나 반품은 안하고 이렇게 고쳐서 쓸수있으면 좋겠네요.좋은제품 싸게파시고 바쁘신데 이런걸로 번거롭게 해드리면 죄송하잖아요~역시 일단 돈이 없으니 이거 쓰고 담에 돈벌면 차이슨 사야겠어요~
113,"69,000",평점5,오아스토어,21.07.27.,2020년형오아 클린스틱 OA-CL010,"매우 작아요~ 생각보다 먼지통도 작아서 당황하긴 했으나, 이전에 쓰던 청소기가 망가져서 구매를 했는데, 작은 것 대비 흡입력도 좋아요! 매우 가볍고 간단하게 방 청소용으로 사용하기 좋은 것 같아요! 청소기는 소음이 없을 수 없는 제품이라서 전 작동 시 발생하는 소리가 너무 크다는 느낌이 들지는 않았어요! 부피가 그렇게 크지 않아서 구석에 살며시 두기엔 좋네요~ 잘 사용하겠습니다! 그리고 필터세트도 하나더 넣어주셔서 맘에 들어요 :)"
114,"69,000",평점5,오아스토어,20.11.13.,2020년형오아 클린스틱 OA-CL010,"원룸 오피스텔에서 쓰기에는 최고의 제품인 것 같습니다. 가격은 좀 비싼감이 있으나 크기가 소형원룸이나 방용 바닥(  원룸) 과 창틀 밑 가전 청소, 차량 청소를 같이하기에 정말 딱인 것 같습니다 흡입력도 매우 좋고, 방이나 원룸, 차량에도 다쓸수 있는 제품 찾으시면 사셔도 후회하지 않을 제품입니다그리고 파이프 등이 끼우는 부위에 락이 없는거는 조금 걱정이 되나 쉽게 빠지거나 하지는 않습니다또한 제품에 감은 물질들이 좀 묻어 있는데 출고전 오염은 신경꺼 주시기를 부탁드립니다"
115,"69,000",평점3,오아스토어,21.12.29.,2020년형오아 클린스틱 OA-CL010,"디자인 예쁘고 자리 많이 차지 안해서 좋은데..생각보다 단점들이 있네요 ㅠㅠㅠ1. 소음이 너무 커요휴대용 청소기에 많은걸 바라진 않았는데 저희집 청소기 세개중에 소음이 제일 큽니다. 하이톤의 찢어지는 소리같은 소음이라 청소기 돌리기 싫어지는 소리예요 ㅠㅠ 휴대용이라 뭐 흘렸을때 바로바로 치우려고 산건데 소리때문에 아침이랑 밤에는 자제하고있어요2. 손에 쥐기가 불편해요손이 작아서 그런지는 몰라도 사용하다보면 손 아귀가 아파옵니다 ㅠㅠ 표면이 미끄럽고 원형인게디자인적으로는 예쁘지만 불편하네요그 외에 다른분들이 말씀하셨던 헤드 뒤집어지는 거, 용량이 생각보다 작은거(거실이랑 방 돌리면 이틀에 한번은 갈아야하더라구요) 이런게 좀 아쉽기는하네용..! 기존에 쓰고있던걸 더 자주싸게될 것 같긴해요ㅠㅠ"
116,"69,000",평점4,G마켓,21.09.07.,2020년형오아 클린스틱 OA-CL010,"정말 장난감 같군요ㅋ.  원룸이나 서브로 사용하실 분께 추천합니다.  작고 가벼운 만큼, 흡입력. 청소속도 이런 건 감안하셔야겠죠? 저는 옷방 겸 재봉실로 쓰는 방 전용으로 구입했습니다.  옷이나 천 등에서 의외로 먼지가 많이 떨어지기도 하구, 이런 저런 가구, 물품이 많은 방이라 큰 청소기 돌리기도 좀 그래요.  그냥 옷갈아입고 한번 쓰윽, 작업하고 한번 쓰윽...  귀챠니스트들에게는 안하는니 좀 청소상태는 떨어지더라고 자주하는게 훨씬 낫죠..."
117,"69,000",평점4,오아스토어,21.03.25.,2020년형오아 클린스틱 OA-CL010,"배송은 진짜 빨랐어요. 그리고 상품도 완전 컴팩트하고 귀엽고 예쁘네요. 다만, 길이연장해서 끼워서 청소기처럼 하는건 사진처럼은 안되요. 청소하다보니 봉이 후다닥 다 해체되더라구요. 모터소리도 생각보다 크지않고... 1평 남짓의 카페트 먼지 청소는 좀 힘이 들었지만, 그냥 방바닥에 먼지나 머리카락, 책상 지우개 가루 같은건 잘 빨아들일것같아요. 그리고 자리 안차지하는것도 좋네요. 대체적으로 만족합니다."
118,"69,000",평점5,오아스토어,21.07.16.,2020년형오아 클린스틱 OA-CL010,대박상품이에요. 저희가 몇 달째 써보고 너무 좋아서 어머님 사드렸더니 가볍고 잘 빨아들여 엄청 잘 쓰신다며 좋아하시더라구요. 저희도 큰 청소기는 이제 아예 손도 안 댈 정도로 이거 하나만 사용하고 있는데 완충하면 사용시간도 길고 흡입력도 훌륭하고 필터도 이중필터라 미세먼지까지 잘 걸러줘서 정말 좋습니다. 어떤 분의 후기처럼 정말 필요할 때마다 야그야금 쓰기에도 좋지만 전체 청소할 때에도 큰 문제없습니다. 좋은상품 감사드립니다!
119,"69,000",평점5,오아스토어,21.08.19.,2020년형오아 클린스틱 OA-CL010,상품을 받은 날 제품이 파손된걸 바로 알게됐어요 그래서 바로 고객센터 연락했더니 바로 새제품으로 교환처리 해주셨네요^^ 처리과정이 어렵거나 복잡하지도 않고 기분좋게 잘 진행되어 편했습니다청소기 사이즈가 작고 슬림해서 인테리어도 해치지 않아 너무 좋아요저는 또 손톱이 길어서 필터 열고 닫을 때 어려우면 곤란한데 편하고 부드럽게 잘 열리고 닫혀서사용하기 더욱더 좋네요아주 잘 사용중입니다^^
120,"69,000",평점5,오아스토어,21.06.19.,2020년형오아 클린스틱 OA-CL010,너무 빠르게 잘 받았습니다. 청소기 모터의 경박한 소리에 당황했지만 파워가 생각보다 더 좋네요. 단순한 구조지만 있을 거 다 있는 게 마음에 듭니다. 제품이 작으니 먼지 통도 작은 건 당연한 거겠죠? 언젠간 업그레이드돼서 큰 통을 부착할 수 있는 것도 나오면 좋겠습니다.스위치 부분이 떨어진다는 얘기가 많았는데 제 제품도 동일했습니다. 처음부터 살짝 떨어져 있었는데 살짝 붙이고 나니 다시 안 떨어지더군요. 더 써보고 지켜봐야 할 듯합니다.
121,"69,000",평점3,오아스토어,20.12.15.,2020년형오아 클린스틱 OA-CL010,"갑자기 청소기가 고장나서 주문했는데, 다행히 배송은 빨리 왔고 가볍고 군더더기 없는 배송상자도 만족스러웠습니다. 하지만 많은 리뷰에 써있는 것처럼 원룸 정도에서 사용하거나 서브 청소기로 좋을 것 같아요~저희집이 작은데도, 헤드가 너무 작아서 요 청소기 하나로는 감당하기 좀 힘드네요ㅠ 청소기 헤드가 좀 컸음 좋았을텐데…하지만 청소기 가능 자체는 만족입니다. 헤드가 작고 얇아서 구석진 곳까지 쏙쏙 들어가니 섬세한 청소가 가능하고, 가볍다보니 청소하면서 손에 무리가 오지 않았어요. 그리고 드라이기 소리보다 소리가 작아서 밤에 잠깐 돌 리는 것도 문제 없을 듯 해요^^"
122,"69,000",평점4,오아스토어,21.09.25.,2020년형오아 클린스틱 OA-CL010,장점가격대비 구성이 좋다사용법이 간단하다가벼워서 제일 좋다디자인이 심플하다생각보다 소리가 안큼(제기준)충전이 빠르다단점버튼이 정말 장난감같다그래도 1년은 무상 AS가능하니 쏘쏘2단까지 길게 연결할경우 흡입력이 좋진않다고양이 사료가 잘 안빨리는 정도..충전 중 사용을 못해서 은근 불편하다집에 머리카락 긴 여자들이 살아서구매하게 되었는데 역할을 충실히 하고 있어요
123,"69,000",평점5,오아스토어,21.12.14.,2020년형오아 클린스틱 OA-CL010,"평소 오아제품 많이 사용하는데 이제 청소기까지 사용해요!! 미니 청소기라 하면 간편하면서 가볍긴한데 무릎을 꿇고 다녀야되는 단점이 있는데 오아는 서서 청소할 수 있다는 점, 가격도 저렴, 가볍고 심플한 디자인에 반해 구매했어요:)👍작은 크기치고 흡입력 좋아요👍가벼워서 여기저기 청소 가능해요👍한번 가볍게 청소하기 딱 좋아요👍소리는 일반 미니 청소기보단 작아요👍배송이 빨라요 우체국이라 더 빨라요!!원룸이나 주택 2층용, 작은 평수에 사시는 분들에게 최적일 것 같아요 진짜 최고 오아ㅠㅠ 다음엔 led 거울 살 예정인데!! 이제 믿고 구매하는 오아,앞으로도 실용적이고 예쁜 상품 만들어주세요🙂"
124,"69,000",평점5,오아스토어,20.08.22.,2020년형오아 클린스틱 OA-CL010,와오...... 이거 진짜...... 미쳐써여......예쁜 박스에 안전하고 가지런히 배송왔을때 이미 들떠서 정신없이 열고 있었고.....다른 분 리뷰 동영상 보고 소리가 큰가...? 싶었지만 소리도 생각보다 크지 않고!!! (1단계로 했을때 딱 다이슨 드라이기 소리랑 비슷)엄청 가벼운 무게에 보관할때 자리차지도 안하는 말도 안되는 갓템.....!제일 좋았던건 침대 밑 청소할 때 끝까지 밀어 넣어봤더니 흡입구가 뜨지않고 일자로 쭉!!!!!!!!!!1단계만해도 흡입력 좋아요!!!!!!!진짜 오랜만에 마음에 드는 전자제품ㅠㅠ!
125,"69,000",평점3,오아스토어,21.04.20.,2020년형오아 클린스틱 OA-CL010,아..... 흡입력 좋네요~ 오아제품 이거 말고 다른 클린스틱은 이정도는 아니었는데.... 암튼 자동차 잡먼지 빠는데는 좋을꺼 같지만 구동시간이 좀 많이 짧네요 .... 자동차 바닥등 대청소는 못함.... 잠깐정도.... 애들 과자부스러기..... 의자틈새.....등등..... 그리고 혹인못한 내잘못이 가장 크겠지만.... 이 제품은 가정용임.... 차량용 아님. 충전단자가......... C타입 아님... 요즘 청소기들 전부 C타입이고 이거 전모델도 C타입이라 당연히 그럴줄 알고 샀는데.... 암튼 참고 하세요~
126,"69,000",평점4,오아스토어,20.08.03.,2020년형오아 클린스틱 OA-CL010,"가격이랑 디자인은 정말 맘에 듭니다다만 소음이 생각보다.. 촐싹 맞다고 해야하나ㅋㅋ여튼 살짝 시끄럽기도 하고 웃겨요그리고 연장해서 쓰는 건 좋은데 잘 빠지고, 바닥 닿는 면이 굉장히 아담하네요(!)그래도 흡입력이 나쁘지 않아서 전 만족합니다청소기 자체가 작은 만큼 필터도 자주 비워줘야 해서 귀차니즘 심한 분들은 비추에요딱 원룸이나 투베이 정도까지 쓸만합니다"
127,"69,000",평점5,오아스토어,21.03.25.,2020년형오아 클린스틱 OA-CL010,"청소기 소음 영상입니다구매하실 분들 참고하세요흡입력은 5점 만점에 3.5점입니다 <장점>작은 사이즈와 예쁜 디자인, 2in1 헤드자취방 원룸 청소에는 최적화된 제품 아닐까 싶습니다<단점>같이 오는 헤드부분이 좁아서 많은 면적을 밀어야 한다는 점과 크기와 비례하는 작은 먼지통 네이버 내돈 내산 후기에 자주 청소하고 더러운거 못참는 분이쓰면 딱 좋을 것 같다고 그러셨는데 그말에 부합하는 제품입니다청소 귀찮으신 분은 다른 제품 권해드립니다"
128,"69,000",평점5,오아스토어,20.12.17.,2020년형오아 클린스틱 OA-CL010,"청소할 맛이나는 디자인이에요. 아무데나 세워두어도 눈에 거슬리지 않아요. 어쩜 이렇게 심플한 디자인으로 만드셨는지! ㅎㅎ 유선 청소기보다 흡입력이 강력하지는 않지만 일반적인 머리카락, 고양이 털, 먼지들 다 잘 흡입해요. 가장 중요한건 손이 자주 간다는 것! 가볍고 앙증맞고 좋아요! 단, 먼지통이 작아서 자주 비워줘야 해요. 커봤자 무겁고 거추장스러울 뿐! 자주 비워야 하는 수고스러움 정도는 감수할만한 디자인 아닌가요?"
129,"69,000",평점5,오아스토어,20.11.28.,2020년형오아 클린스틱 OA-CL010,"일단 가볍고 사용하기 간편하며, 가격만큼 하는 제품이라고 생각합니다.제품 디자인은 정말 맘에 들어요^^ 세심하게 고려했다는 느낌을 받았습니다.포장 패키지도 정성이 가득했네요~아쉬운 점은 청소기 해드부분(모터부분 말고 이물질을 빨아들이는 부분) 바닥에 바퀴가 있는데 그 바퀴가 움직이면서 ""끼익-""하고 소리가 납니다.대략 힘으로 밀거나 당길 때 소리가 납니다. 청소기를 살살 굴린다는 느낌으로 사용하면 소리는 안나요.흡입력 좋아요. 필터는 자주 비워서 사용해야 할 것 같습니다."
130,"69,000",평점5,오아스토어,21.06.09.,2020년형오아 클린스틱 OA-CL010,"우선 클린스틱의 크기도 적당하고 청소기 보관할 때 자리를 많이 차지하지 않아 참 좋아요. 모양도 예뻐요. 흡입력은 2단계로 조절 가능한데 1단계로도 충분히 흡입력이 좋았어요. 2단계는 강력한 흡입력입니다. 무게도 가벼운 편이고, 클리너 헤드가 작다는 리뷰를 보았는데, 딱 적당하고 쓰기 좋은 크기입니다. 소음도 그리 크지 않아서 아주 늦은 시간이 아니면 1단계로 사용 가능할 것 같아요. 오아 워터픽을 써보고 좋아서 주변에 추천도 많이 했는데 오아 클린스틱도 추천해야겠어요. 오아 클린스틱 구입은 탁월한 선택인 것 같아요. 좋은 제품 많이 만들어주셔요.^^"
131,"69,000",평점1,오아스토어,21.09.28.,2020년형오아 클린스틱 OA-CL010,두달 사용했는데 어제 청소기 돌리다가 이렇게됐습니다. 큰 충격이 있었던 것도 아닌데 이렇게 됐습니다. 몸체 플라스틱 부분이 반으로 댕강. 홈피에 문의 했더니 제가 직접 택배로 보내면 회사에수 검수하고 AS 과실 여부 따져서 비용 발생할 수도 있다고 댓글 달려서. 전화로 다시 문의 했더니 같은 대답이더군요. 두달 사용하고 이렇게됐으면 아마도 내가 처음이 아닐텐데 그럼 바로 교환을 해 줘야 하는 건데 어이없었습니다. 그래서 난 이걸 내가 포장해서 다시 보내는 수고는 할 수 없다. 그러나 내가 산 네이버에 후기 올릴 거다 이렇게 말하고 끊었습니다. 이 회사 광고 볼 때 마다 짜증이 나네요.
132,"69,000",평점2,오아스토어,21.08.06.,2020년형오아 클린스틱 OA-CL010,손목이 좋지않아 가볍고 사용이 편리한 청소기를 찾던 중 주문했습니다상품리뷰가 너무 좋아 의심없이 구매했지만역시 기대가 너무 컸었던 걸까요일단 가볍습니다가벼운 만큼 2단으로 쓰면 빨리 방전되요뒤쪽으로 당기면 흡입 되지 않습니다왜 청소가 깨끗히 되지 않을까 했더니앞으로만 흡입이 되네요….가격대비 나쁘진않습니다그러나 너무 큰 기대를 하시면 안되겠어요정말 머리카락 먼지 등적당한 흡입만 하실 분은 괜찮으실거 같아요
133,"69,000",평점5,오아스토어,21.06.10.,2020년형오아 클린스틱 OA-CL010,"처음 상자를 보고 크기가 작아서 청소기 일 거라 생각 못했습니다. 뜯어보니 생각보다 더 컴팩트하고 심플하고 예쁜 디자인의 청소기가 있더군요. 너무 쬐끄매서 먼지나 머리카락 정도나 빨아들이려나 하고 작동해보니 웬걸 쌀알 떨어진것도 슉슉 빨아들이더라구요. 빨아들이는 힘이 셌어요! 너무 가벼워서 먼지, 머리카락, 부스러기 등 눈에 띌 때마다 슥슥 청소하면 되니 너무 편하고 좋아요. (소리는 일반 청소기보단 작아요!)진짜 대박 상품... 올해 잘 산 상품 중의 하나에요. 과학 기술의 발전이 무서울 정도입니다!"
134,"69,000",평점5,오아스토어,20.11.28.,2020년형오아 클린스틱 OA-CL010,호루라기모양의 핸디청소기 쓰다가 완충을 해도 30초도 못가는 조루가 되더라구요. 그 호루라기 배터리 🔋 를 갈아야한다는데 5만원이 넘는대서 그돈에 추가조금해서 이거 질렀어요. 이건 배터리가 제발 오래가길 바라고 이번에는 다쓰고 완충하고 다쓰고 완충하는 방식으로 배터리좀 오래 써보려구요~안에 모아둔 먼지 버릴때 잘 열어야되요. 받치는 통을 아래쪽으로 향하고 열던지 큰 쓰레기통 위에서 살짝열어야지 아무생각없이 열었다가 바닥에 다흘려서 또 청소했어요 ㅋㅋ애기가 청소놀이 할때 이걸로하는데 놀이한 부분은 깨끗해져서 너무 좋네요~청소놀이 매일 했으면 좋겠어요 ㅋㅋㅋ
135,"69,000",평점5,오아스토어,21.07.22.,2020년형오아 클린스틱 OA-CL010,"헤드부분이 장난감같이 너무 작고 힘이 없어서 처음엔 당황스러웠는데 살짝 앞으로힘을주는 요령이 생겨서 안정감있게청소가 되구요. 오히려 헤드가 작아서구석구석 다들어서 좋아요.32평 아파트 한바퀴 돌아도 충분하게청소하고도 남는 충전양이구요, 흡입력 훌륭합니다.카페트도 잘되고 가벼워서 청소 쉽게할수있어요. 먼지통이 작아서 그때그때 비워야하지만아주 간단해서 번거롭지 않아요.완전강추입니다."
136,"69,000",평점5,오아스토어,21.10.15.,2020년형오아 클린스틱 OA-CL010,정말 마음에 드는 청소기입니다. 최대 장점은 좁은 공간에 짐이 많은 집에 딱 좋은 거 같아요. 요리조리 청소를 하면 금방 청소가 끝나네요. 길이 조절이 너무 쉬워서 앉아서 티비 보면서 밀기도 좋고 소음도 티비 소리를 방해하지 않을 정도라서 좋고. 심심하면 손에 쥐고 슥슥 밀기도 참 간편하고 좋아요. 먼지통 비우기도 초등학생도 할 만큼 간편하고 쉬워요. 다용도로 간편하게 변신해서 쓸 수 있어서 참 좋아요. 하얀 색상도 인테리어에 무난하게 녹아들 색이라 참 좋네요.
137,"69,000",평점4,오아스토어,20.09.10.,2020년형오아 클린스틱 OA-CL010,"작고 흡입력이 강해 좋습니다. 원룸에 사용하기에 편리하네요~하지만 흡입구멍이 작고 중앙에만 있어서 청소시 많이 움직여야되고, 꼼꼼히해야돼서 청소시간은 일반청소기보다는 많이 소요 됍니다.그래서 별 하나 차감했어요 참고하시고 감당가능하시면 구매하시길~디자인 깔끔하고 예쁘며 청소기 가볍습니다. 청소하자마자 해체해서 보면 먼지 꽤나 들어가 있네요 작은게 흡입력은 강합니다^^ 저는 대체적으로 만족스러워요. 판매자님 번창하세요~"
138,"69,000",평점5,오아스토어,21.03.10.,2020년형오아 클린스틱 OA-CL010,다묘 가정이에요. 화장실 모래 치우려고 구입했어요. 생각 보다 크기가 많이 작아서 놀라긴 했지만 작은 공간 전용으로 산거라 괜찮긴 한데 원룸등 작은 공간이라도 보조용 말고 주사용으로 쓰기엔 헤드도 조금 작은편이라 조금 답답한감이 있을것 같아요. 소음은 약간 날카로운듯 하지만 기본적으로 모터로 돌아가는 가전은 소음에서 완전히 자유로울수 없는게 사실이고. 딱히 크게 거슬린다거나 할 정도는 아닌것 같아요.
139,"69,000",평점5,오아스토어,21.03.24.,2020년형오아 클린스틱 OA-CL010,대박! 그냥 책상위 먼지나 청소하려고 산건데 흡입력 짱 좋아요다이슨 있는데 실험삼아 바닥 밀어봤는데 넘 잘 빨아들이고요팔근육 신생아 수준인데 가벼워서 30평대 바닥 다 밀어도 하나도 부담 안되고 들어서 높은곳도 슥슥 밀 수있어요머리부분이 작아서 5cm 좁은 틈새도 다 밀리고 최고입니다다만 머리가 짧으니까 바닥청소용으로는 좀 여러번 해야해서 비추입니다보조 청소기로는 강추강추 무조건 사세요
140,"69,000",평점5,오아스토어,21.03.16.,2020년형오아 클린스틱 OA-CL010,"너무 맘에 들어요!책상 미니 청소기를 고민하다가 부담없이 그때 그때 사용할 수 있는 미니 청소기까지 생각이 확장돼서 구매하게 됐어요!딱 생각하던 그대로고 작은 먼지들 머리카락 다 잘 빨려요! 소리도 별로 크다고 생각되지않아서 밤에도 잠깐씩 돌리기에 부담없어서 좋아요 👍🏻 책장, 틈새, 책상 다 여기저기 사용하기 좋습니다!디자인 깔끔하고 예쁜 건 말할 것도 없구요!배송도 빨라요☺️적극 추천해요!"
141,"69,000",평점5,오아스토어,21.08.09.,2020년형오아 클린스틱 OA-CL010,"대박,,진짜 자취생들에게 추천하는 잇템입니다ㅠㅠ크기도 많이 크지 않아서 자리 차지도 안하구 디자인도 깔끔하고 이뻐요! 첨부한 동영상보면 소음이 좀 심하게 느껴질수도있는데 실제로 그렇지도 않아요!! 소리도 적당하고 영상 보다시피 흡입력도 아주좋아요!! 젤~~ 깜짝 놀란게,, 너무 가벼워요…..써보다가 웃음남..ㅎㅎ먼지통은 작긴 작은데 그냥 바로 쓰레기통에 털어버리면 그만이니까 전혀 문제되는게 없어요!!좀 작은집 자취방에 살거나 자주자주 청소하는 분들이 쓰시면 진짜 좋을거같아요 강강추⭐️⭐️⭐️⭐️⭐️"
142,"69,000",평점5,G마켓,20.08.26.,2020년형오아 클린스틱 OA-CL010,우리집에 5살 아이가 청소기를 갖고 싶어해서 알아보니 청소기 장난감은 흡입력이 없다해서 장난감보다는 좀 비싼 오아 청소기를 장만함.난 소파에 앉아서 여기 머리카락이 있네 라고하면 말 떨어지기 무섭게 청소기를 들고와 흡입함아이가 쉽게 작동할 수 있고 가볍고 충전도 알아서 함. '내가 청소 대장이지!' 하며 열심히 청소함. 난 앉아서 잘한다~ 잘한다~ 말해주면 됨.소음이 조금 있지만 괜찮음. 먼지통이 좀 작지만 괜찮음.한번 청소기 돌리고 나면 먼지가 꽤 많이 들어있어서 사용자와 그 부모가 매우 만족함
143,"69,000",평점5,오아스토어,21.01.11.,2020년형오아 클린스틱 OA-CL010,"한달 사용 리뷰 남겨요 ❤️쓰던 청소기가 고장나서 어떤 청소기를 사야하나 찾던 중에 오아 청소기가 리뷰도 많고 구매율도 많아서 구매했는데, 한달 동안 아주 만족하면서 사용하구 있어요:) 일단 가장 큰 장점은 보관, 관리가 편리해요! 가볍고 아주 슬림해서 정말 원룸형에는 딱이예요👍🏻소리가 많이 크다는 리뷰도 있었는데 저는 그냥 이정도 소리는 다 나는 것 같아서 ㅎㅎ 별로 신경쓰이지 않아요:) 흡입력도 좋고, 분리해서 책상도 따로 청소하구 아주 만족하고 있습니다 😊"
144,"69,000",평점1,오아스토어,21.12.12.,2020년형오아 클린스틱 OA-CL010,이 청소기의 문제점은 청소기성능이 아니라 종이필터만을 따로 팔지않는점이다. 1년전부터 스텐망을 뺀 종이필터판매해달라는 소비자의 요구가 끊이지 않고있는데 고객의 소리에 귀를닫고있는건지...솔직히 소형청소기중에 이만한제품없다 무지가볍고 잘빨리고 디자인도 좋고 서브용으로샀으나 메인청소기는 거의 쓰지않을정도로 성능이 양호하여 별다섯을 주고싶으나 소비자의 니즈를 무시하는 회사에 경각심을 주고자 별하나를 때린다
145,"69,000",평점4,오아스토어,21.04.08.,2020년형오아 클린스틱 OA-CL010,일단 정말 작고 가벼워요!500ml물보다  약간 큰 정도에요!보아르 청소기랑 고민하다가원룸이라 자리차지 안하는걸로 골랐는데작은크기 원하시면 딱이에요! 책상위에 슥슥 청소하기도 좋아요. 다만 헤드도 엄청 작아서 바닥 청소하는데 약간의 답답함은 있네요. 헤드가 약간 조잡해서 바닥 먼지를 시원하게 빨아들이기에는 다소 한계가 있는 것 같아요. 원룸이 좀만 더 컸어도 보아르 샀을 것 같아요(둘이 같은 회사인가봐요^^보아르제습기랑 같이 시켰는데 한박스에 같이 왔네요. )
146,"69,000",평점5,오아스토어,21.11.17.,2020년형오아 클린스틱 OA-CL010,완전 만족해요 아이들 자취집에 사줬는데 너무 가볍고 좋아요 사실 집에 다*슨 청소기도 있지만 요것이 훨씬 머리카락도 잘 발아들이고 구석구석 청소하기 최고네요 다*슨 사용할때마다 욕이 나올정도로 머리카락을 빨아들이지 못해서 돈 값 못하는 청소기라고 당근에 내다 팔아야겠다 했는데 이걸로 사서 써야 겠어요 전 최고 입니다 필터가 작다고 하신 리뷰 봤는데 소형에 이 정도면 전 바랄께 없어요 소음도 다땡슨에 비해 10분의1이네요
147,"69,000",평점5,오아스토어,21.09.02.,2020년형오아 클린스틱 OA-CL010,배송은 주문 24시간이 되지도않은 21시간만에 엄청빨리 도착을 했습니다.작은 자취방에 쓸거라 찾던중에 괜찮아 보여서 샀는데 조립도 정말간단하네요.간단하게 조립을 하고 전원을 켜보니 흡입력도 장난이아닙니다 정말 굿이요.머리카락이 많이 빠져서 자취방에서 바닥청소도 용의하고 주둥이를 떼서 침대매트같은곳도 청소가 용의합니다.필터도 반영구적으로 쓸수있대서 좋은거같고 여분의 필터세트까지 줘서 잘쓰겠습니다
148,"69,000",평점4,오아스토어,20.09.08.,2020년형오아 클린스틱 OA-CL010,"핸디형의 장점인 가볍고 간편한 사용 가능합니다. 다만 구매 후 후회되는 점도 말한다면, 소형이라는 장점도 있지만 작기 때문에 포기할수 밖에 없는 부분이 있네요.  먼지통이 너무 작습니다. (사진의 동그라미 친 부분).  상품 설명에 비해 흡입력 세지 않아요. 그냥 딱 핸디형 청소기 흡입력입니다.  모터소리가 작은 것은 맞는데 대신 고음입니다. 제 기준엔 이 상품은 절대 메인용 아닙니다. 정말 세컨이나 써드용으로 사용하시면 되겠습니다."
149,"69,000",평점4,오아스토어,20.07.20.,2020년형오아 클린스틱 OA-CL010,흡입력은 매우 좋습니다. 소름은 좀 있네요. 반려동물 있는집에 강추 합니다. 걸이가 없어서 불편하여 임시로 다이소 걸이에 걸어서 사용하지만 애매하네요. 부착형집개식 걸이라도 있었으면 좋겠습니다.  [업그레이드시 요청사항]1. 걸이없어서 불편한데요. 3m식의 벽에 부착하는저렴한 걸이라도 있으면 좋겠네요. 2. 납작한 흡입막대가 좀 더 길었으면 좋겠습니다. 최소 30cm이상. 모니터 받침대 속이나 모니터 밑 먼지제거시 어렵습니다. 3. 부가제품을 부분구매 가능했으면 좋겠습니다. 4. 충전선 흰색이 제품을 더 돋보이게 할 것 같습니다.
150,"69,000",평점5,오아스토어,20.10.31.,2020년형오아 클린스틱 OA-CL010,"오와~~~~!!!!!!!! 정말 최고에요♡♡♡몇년 전부터 오아 가습기 쓰고 있는데품질도 좋고 A/S도 잘해주셔서애정하는 브랜드가 되었습니다^-^집 이사하면서 청소기 구입하려고이것저것 많이 찾아보았는데요,타사에 비싼 신제품 청소기를 구입했었다가 불량이기도 하고 무게가 넘 무거워서 반품했던 차에, 엄청 가볍고 디자인도 예쁜 오아 클린스틱~! 이 제품을 발견했어요.오아 브랜드라서 믿고 주문했는데,배송도 빨랐고 성능도 마음에 쏙 들었어요~리모컨 두개 크기이고 생각보다 더 작아서 처음에는 괜찮을까 싶었는데 막상 사용해보고는 브라보♡를 외쳤어요~!! 18평 주택 청소하고 먼지통 열어보았더니요 쪼끄마한 청소기가 머리카락과 먼지를 얼마나 야물딱지게 쏙쏙 빨아들였는지♡♡깜짝 놀랐네요~^^동생한테도 선물하려고요적극 추천합니다♡"
151,"69,000",평점4,오아스토어,21.04.03.,2020년형오아 클린스틱 OA-CL010,가벼워서좋아요조립할때 딸깍하며 맞추는게 아닌 그냥 끼우는거라 조금  불안한 느낌.매트위에선 헤드가 부드럽게 굴리지는 않고 덜컹덜컹 거리네요.과자부스러기정도 머리카락정도만 빨아들일것같아요. 식탁밑 쇼파주위에서만 써야할듯.헤파필터를 씻어서 쓰는게 좀 의아한부분.헤파필터만 따로 안팔까요?흰부분만.... 메탈로 되있는건 필요없을듯둘이 세트로만 팔아서..흰부분만 따로팔았으면좋겠어요~
152,"69,000",평점5,오아스토어,21.01.09.,2020년형오아 클린스틱 OA-CL010,"배송도 빠르고, 데일리로 간단하게 청소 할 수 있는 제품 찾고 있었는데 제격이네여~전에는 돌돌이 마니 사용했었는데, 이 제품은 가벼워서 수시로 이곳저곳 청소하기 유용해요 :) 먼지통이 작아서 번거로움은 있을거 같지만,익숙해지면 될 것이고~그 대신 디자인이 매끈하게 잘 빠졌어요! 저렇게 구석에 쏘옥 넣어도 잘 들어 가네요 ㅎ고장없이 오래 잘 사용했으면 좋겠어용 ;)"
153,"69,000",평점5,오아스토어,20.10.10.,2020년형오아 클린스틱 OA-CL010,"자취생에게 강추합니다. 일단 가볍고 편리해서 부담없이 그때그때 청소하기 최고에요. 헤드가 작고 잘 돌아가서 구석구석 넣어 청소하기에 좋습니다. 작은 방 두개 5분이면 청소 끝나니 충전 자주 안해도 되네요. 무선이라 간단하게 청소가능해 자주 손이 가게되어 집이 쾌적해졌습니다. 먼지통이 작아 귀찮을 수도 있지만 비우는 데 3분도 안걸리고 은근 쾌감이 있네요ㅋㅋㅋ 단, 매트에 사용하면 뒤집혀서 안되고 바닥만 가능합니다. 구입 전에 고민 많이 했는데 완전 만족하고요 지인에게 선물로 줄까도 고민중이에요"
154,"69,000",평점5,오아스토어,21.10.09.,2020년형오아 클린스틱 OA-CL010,너무 편하게 잘 사용하고 있습니다. 집에 큰 청소기가 있지만 잠시 돌리기위해 큰걸 들었다놨다 하려니 자주 손이 안가더라구요. 이건 옷걸이에 걸어두고 생각날때마다 돌릴 수 있어서 너무 편합니다. 먼지통도 작다고 생각했는데 꽤 많이 들어가는 것 같아요. 흡입력도 엄청 만족스러워! 까지는 아니지만 이정도면 뭐 충분해~ 싶은!? 주변에 누가 미니청소기 찾으면 추천하려고 합니다.
155,"69,000",평점4,오아스토어,21.09.14.,2020년형오아 클린스틱 OA-CL010,소리가 조금크긴 한데 잠깐씩 쓰기에는 무난합니다.  생각했던것보다 흡입력도 좋고 우선 가볍고 휴대성이 좋아서 큰 청소기보다 더 자주 손이가네요~ 잘되려나 고민좀 했었는데 구입하길 잘한것 같습니다.  별하나 덜준건  청소기해드 부분이 너무 약해보임 가구 다리에 잘못 부딛치면 금방 부러질것같음 청소기해드와 본체에 끼우는 대 부분도 좀더 견고한 재질로 보완 하면 좋겠어요~
156,"69,000",평점5,오아스토어,21.11.27.,2020년형오아 클린스틱 OA-CL010,정말..... 강추에요ㅠㅠ 이렇게 가볍고 흡입력좋고 가성비 좋을수가요~아이지우개가루 피아노나 의자 및 등등 메인청소기가 흡입하기에 둔탁한 모든곳들의 먼지를 쏙쏙 청소해주니 삶의 질!!!!이 달라져요!!! 가볍기가 가볍기가!!! 써보지 않은 분들은 말을 하지 마세요 강력 추천입니다!!모터야 어떤 제품이든 쓰면 약해지는법!! BLDC모터가 얼마나 오래갈지가 궁금하긴 하네요!!!
157,"69,000",평점5,오아스토어,20.07.29.,2020년형오아 클린스틱 OA-CL010,"무선 청소기 엄청 고민하다가 샀는데 만족해요! 우선 연장선이 있어서 핸디형으로도 스텐드형으로도 쓸 수 있어서 택했구요, 흡입력도 좋아요~~가벼워서 휴대, 이동도 간편하구요!ㅎㅎㅎ드레스룸에서 드라이기 사용 후 머리카락으로 덮여버린 바닥을 청소할 생각하니 넘 속이 시원합니다 ㅎㅎ단점을 꼽자면, 연결하는 도구들이 딸깍! 하고 고정되는 형식이 아니라 돌려끼우고 사용하는건데, 꽉 끼우지 않았더니 청소도중 분리되더라구요.. ㅎㅎ; 상세설명 동영상에서는 끼우는 장면에서 딸깍 소리가 나서 확실히 고정되는 줄 알고 샀는데 그 점이 조금 아쉬워요~ 보완이 된다면 넘 좋겠어요!!이제 거치대자리 하나 마련해야겠네용 ㅎㅎ"
158,"69,000",평점5,오아스토어,21.09.22.,2020년형오아 클린스틱 OA-CL010,진짜 잘 쓰고 있어요 장점은 가볍다이고 가구밑에 틈만 있으면 어디든 잘 들어갑니다 생각보다 편하게 잘 쓰고 있습니다 머리카락 같은건 특히 잘 빨아들입니다 유용해요 잠깐잠깐 쓰기좋고 좁은공간 왔다갔다 하기힙든공간에 특히 유용하고 화장실에사도 들고가서 부담없이 쓰니 너무 좋습니다 단점은 필터 언제 됴체해줘야하는지랑 또 먼지통이작아서 자주갈아줘야하긴한데 뭐 크게블편하진않아요
159,"69,000",평점5,오아스토어,20.08.22.,2020년형오아 클린스틱 OA-CL010,어제 3시 전에 주문했더니 오늘 오전에 바로 받아봤어요.방이 작은 편이라 청소 시 부직포 밀대를 주로 사용했는데 먼지나 머리카락은 잘 붙지만 작은 부스러기(?) 같은게 깔끔히 안 쓸려서 불만이었고 클린스틱이 창틀 같은 곳도 청소하기 좋을 것 같아서 구매했습니다. 받아보니 헤드가 생각보다 더 아담해서 좀 답답하긴 하지만 흡입력이 좋고 디자인도 깔끔해서 만족해요!
160,"69,000",평점4,오아스토어,20.10.13.,2020년형오아 클린스틱 OA-CL010,가볍게 청소할 땐 부직포 밀대 썼었는데 쓰레기도 줄여보고 자동차 시트 청소도 해보려고 구매했는데 예쁘고 가볍고 만족스러워요~ 별 하나 뺀 건.. 조금만 더 저렴했어도 될 것 같다는 생각이 들어서요~^^;;크기가 작은 만큼 작동시간이 길지는 않아요~ 가볍게 휘리릭 청소하는 용도로는 적극 추천입니다~ 배터리가 얼마나 갈지 모르겠지만.. 오래 갔음 좋겠네요~^^
161,"69,000",평점5,올댓아이템,20.07.28.,2020년형오아 클린스틱 OA-CL010,디자인 너무 심플하구 이뻐요~ 어딜 둬도 저희 신혼집 인테리어와 쏙 어울려서 굳이 안넣어 놓고 있어요ㅋㅋ 제일 좋았던 점은 소음이 적은거고 무선이라 편리한게 참 장점이네요~ 청소기 소음 크면 잘 사용하지않게 되는데 요 제품 이쁘구 소음도 적어서 툭하면 손이가서 집이 아주 깨끗해요 집들이용 선물로도 아주 좋겠어요 만족합니당❤️
162,"69,000",평점4,오아스토어,21.06.03.,2020년형오아 클린스틱 OA-CL010,세련된 디자인에 단순한 구조로 사용하기 편합니다. 크기가 생각보다 작아서 교실청소를 하고나면 매번 먼지를 비워줘야 합니다. 소리가 요란한데 흡입력은 그렇게 쎈편은 아닙니다. 부러진 연필심이 빨아들여지지 않더라구요. 한번 충전으로 20분도 채 쓰지 못하여 매번 충전해야하는 불편함도 있습니다. 그래도 무선청소기 치고 가성비가 좋아 별4개 드렸어요.
163,"69,000",평점5,G마켓,20.12.10.,2020년형오아 클린스틱 OA-CL010,휴대용으로 딱이구요. 혼자사는 분들한테 제격이예요. 전 제 방만 청소하려고 구매한건데 마음에 들어요. 슬림해서 공간도 차지 많이 안하구요.넓은집 청소하는 용도보단 그냥 작은방 청소하기 괜찮은 청소기 같아요.. 충전하는것도 계속 전기선 안꽂아도 대구요.근데 단점이라 하면 소리가 조금 큰거?그거 빼고는 퍼펙트합니다. 먼지나 머리카락같은것도 잘 빨리고 굿굿굿~ 디자인도 굿~
164,"69,000",평점3,오아스토어,20.11.12.,2020년형오아 클린스틱 OA-CL010,깔끔한 디자인이 예쁘네여... 그런데 새상품인지는 의문스럽네요 뭔가.묻어서 닦이지도 않구여 먼지흡입구인 헤드부분이.너무 헐겁다해야하나요 새상품인데 휙쒹 잘돌아감... 위로 젖혀진다해야하나요... 코너흡입은 괜찮은데 매트위에선 헤드가 꺽여서 흡입불가... 비스듬하게는 안되고 직각처럼 세워야함 아니면 예각만들어서 진행함  그래서 번거롭고 흡입력 0임댜  맨바닥만 그나마 잘됨요 헤드가 덜 돌아갔음싶네요
165,"69,000",평점5,오아스토어,20.07.29.,2020년형오아 클린스틱 OA-CL010,강아지털이랑 머리카락정리 용도로 샀는데토이푸들인 관계로 제 머리카락이 더 빠져서온전히 제 머리털 빨아들이는 용도로 사용중입니당..강아지털은 발바닥 미용해주고나서 바로 쓱쓱빨아들이기에 좋아요 ㅎㅎㅎ작고 편해서 좋아요.전에는 청소기 돌리려면 베란다에서 무겁게 가지구와서코드꼽고 이방저방 코드빼서 다시꼽고 그냥그런게 너무 구찮았는데 지금은 머리카락이나 먼지바로바로 정리할수가 있어서 좋아요 ㅋㅋㅋ첨에는 장난감 같았는데 흡입력도 좋아서1단계로만 사용해도 잘되네용^^고장안나고 오래오래 썼으면 좋겠어용!!청소기 돌리는데 스트레스가 없어서 그게 젤 맘에듭니당
166,"69,000",평점5,오아스토어,21.05.27.,2020년형오아 클린스틱 OA-CL010,"진짜 슬림하고 가벼운데 흡입력도 생각보다 괜찮아서 잘 샀다고 생각해요! 원룸에서 쓰기 넘 좋습니다! 다만 거치하는 게 애매하고 구성품을 보관하는 것도 조금 애매한 것, 그리고 기스가 좀 잘 생긴다는 게 단점 같은데 가격대랑 성능 이리저리 재봤을 때 이 정도 단점은 충분히 커버 가능한 것 같습니다. 크게 신경쓰일 정도는 아니기 때문에ㅎㅎ 자취하면서 잘 쓸 것 같아요."
167,"69,000",평점5,오아스토어,21.06.15.,2020년형오아 클린스틱 OA-CL010,10평대 원룸에서 쓰기 딱 적당합니다 1단계로만 써도 흡입 왠만큼 다 되고 소음도 작고 다만 체결하는부분이 딱끼워진느낌이 안들어서 좀 안타까워요 디자인도 너무 예쁘고 팔목약한저는 가벼운것도 너무 좋아요 나중에 청소툴이 더 생긴다면 따로판매하셔도 살 의향이 잇어요가성비좋은상품이에요 아주 마음에 쏙 듭니다
168,"69,000",평점5,오아스토어,21.06.28.,2020년형오아 클린스틱 OA-CL010,원래 쓰던 무선청소기가 사망하여 알아보던중 가성비 좋다는 소문 듣고 구매해봤습니다. 소리가 다소 요란하긴하나 제 용도내에서(머리카락과 먼지) 사용할때 충분한 흡입력과 사용시간을 보장해주어서 아주 만족해서 사용하고 있습니다. 또한 무게가 무지 가벼워서 사용시 전혀 부담이 없다는 점도 만족스럽습니다. 이정도 가격이면 뭐 1년정도만 고장없이 사용할수만 있다면 저는 아무런 불만없이 사용할수 있을거 같네요.
169,"69,000",평점5,오아스토어,21.09.26.,2020년형오아 클린스틱 OA-CL010,"가볍고 흡입력도 좋습니다. 개인적으로 헤드가 먼지나 머리카락이 많이 안묻는 구조라서 좋아요!! 그래서 일반청소기보다 매트위를 쓸기 좋습니다.(정전기가 덜생기는듯함) 생긴것도 무척 깔끔하고, 그냥 벽에 대충 세워놔도 안무너지고 균형감 있습니다. 소리가 작진 않지만 나름 만족하며 쓰고 있습니다. 다만 10평이 넘는 집에서는 메인으로 사용하기엔 먼지통이 작아서 조금 힘들것 같습니다"
170,"69,000",평점5,오아스토어,21.07.11.,2020년형오아 클린스틱 OA-CL010,처음에 발송된 상품이 불량이라 교환 하느라 조금 번거로웠어요 ㅠ 그래도 교환과정이 수월해서 빠르게 교체 되었고 안방에서 머리카락이나 침구먼지 청소용으로 구매했는데 흡입력 좋고 작아서 여기저기 구석구석 들어가서 너무 만족스럽네요!기존에 쓰던 청소기는 무게 때문에 부담 이었는데 가볍고 간편해서 세컨청소기로 적당한 것 같아용 강추합니다 ~~~
171,"69,000",평점5,G마켓,20.07.24.,2020년형오아 클린스틱 OA-CL010,일단 너무 가볍고 간단히 바닥청소할게 필요해서 한번 사봤는데 생각보다 너무 마음에 듭니다.무선치고 흡입력 괜찮아요. 2시간반이면 충전만땅이고요.거치대가 없는게 단점이지만 공간에 세우면 되니깐요.흡입력은 일단 머리카락은 쭉쭉 들어가고 과자부스러기도흡입 잘 됩니다. 동영상 보시고 구매도움이 됐으면 하네요.가성비좋아요~ 정말 잘 샀어요♡
172,"69,000",평점3,오아스토어,21.02.04.,2020년형오아 클린스틱 OA-CL010,일반 가정집 책상 청소용 입니다.이거는 고시원에서 사용하면 좋겠다... 싶은 사이즈인데 소음이 크네요.분리하는거나 끼우는 순서 안써있어 헷갈리고중간 봉 한번 끼워봤다가 안빠져 방치게다가 뭐가 묻어있네요.아래 흡입기는 장난감 같아요.그냥 핸디형으로 사용하는게 편한듯☆ 포장박스는 새것이다~(스티커) 라는 표시 확실해서 마음에 드네요
173,"69,000",평점4,오아스토어,20.11.14.,2020년형오아 클린스틱 OA-CL010,"첨엔 작아서 반신반의 했는데...오홋~오홋~ 매일매일 머리카락을 줍줍했던 지난 시절이 후회되네요.오히려 작으니깐 구석구석 틈새 청소에 딱이예요.원룸 사시는 분들께 추천드립니다.데일리 청소라는 말이 딱..인듯해요.특히 저처럼 긴머리카락은 드라이기 한번 사용하면, 머리카락 청소가 일인데~오아 청소기 덕분에 방바닥이 매일 깨끗해요. 슬림해서 연장봉 해체 할일없어요.그냥 계속 충전해서 쓰는게 편하네요~^^"
174,"69,000",평점4,오아스토어,21.12.31.,2020년형오아 클린스틱 OA-CL010,저는 오아 제품 너무 좋아하는데..점점 실망스런 포인트 들이 생기네요ㅠㅠ 솔직히 가격대비 디자인 깔끔하고 성능은 괜찮은데 긴 봉이 청소하다 툭툭 빠져요. 다른분들 후기처럼 딱딱 조립이 맞는 느낌이 없고 이게 다 낀 건가..? 싶은 느낌 입니다. 저기 중간에 낄 고무링이라도 구매 할 수 있게 해주세요..ㅠ
175,"69,000",평점5,오아스토어,20.09.02.,2020년형오아 클린스틱 OA-CL010,"모터 성능이 좋다고 해서 구입했어요. 아주 작고 가벼워서(장난감 같은데 진짜 청소가 되는 느낌 ㅋㅋ) 휴대하기 좋겠어요. 1단은 좀 약하고 방 청소하려면 2단은 써야 될 것 같아요. 아쉬운건 먼지통에 봉 끼우는 연결 부분이.. 다른 걸 잘 못 끼웠나? 할 정도로 들어가다 만다는거. 툭 빠지기도 하고 ㅠㅠ, 글고 좁은데 청소하는 뾰족한 모양 헤드가 없어서 아쉬워요 ㅠㅠ 좋은건 바닥 청소하는 헤드의 홈이 끝까지 파여있어서 가장자리 먼지도 잘 청소될 것 같아요. 사용감도 괜찮고, 2단으로 하면 시원시원하니 청소 잘 됩니다. 보관 공간도 많이 차지하지 않고, 간편하게 사용하기 아주 좋아요!"
176,"69,000",평점5,오아스토어,20.12.30.,2020년형오아 클린스틱 OA-CL010,충전 30분정도 하고 잠깐 써봤는데 엄청만족해요!일단 소형이라 그런지 가벼워서 너무 좋았어요. 청소기는 작아도 먼지나 머리카락 등 깔끔하게 청소돼요!근데 청소헤드부분? 이 부분은 침대 밑이나 소파 밑 깊숙하게 들어가는 곳에서 가벼워서 그런지 잘 뒤집히더라구요. 이 부분을 제외하곤 다 괜찮아요!소음은 드라이기소리보다 조금 더 큰 정도예요! 약간 고주파의 느낌..? 그래도 저는 일단 가벼워서 만족합니다 :)
177,"69,000",평점5,G마켓,20.08.26.,2020년형오아 클린스틱 OA-CL010,화이트색상에 디자인도 깔끔한게 정말예뻐요 맘에들어요~손에 무리없이 가벼운 무게에 틈새 사이사이 구애받지 않고..작지만 알차게 연장봉도있고 브러쉬도 돌아가니 청소하기정말 편리하네요.필터도 반영구적으로 세척하며 사용할수 있다니이만한 가격이 없을꺼 같아요.보관도 용이하니차량용으로도 하나더 구입해야겠어요.
178,"69,000",평점5,오아스토어,21.03.25.,2020년형오아 클린스틱 OA-CL010,"커피 내리면 항상 가루가 많이 떨어져 구입했어요메인 청소기라기보단 눈에 머리카락 조금 보이는데 청소기 꺼내긴 귀찮을때가 많아서머리카락이나 작은 먼지, 커피가루 정도에 쓰고 있습니다이 세가지는 완벽하게 빨아들이더라고요헤드 없이 본체만 쓰는데 흡입력도 좋고 소음도 그렇게 크지 않아요! 그리고 깔끔하고 예쁜게 제일 맘에 듭니다하얀색이라 커피가 튀면 눈에 띄지만 ㅎㅎㅎ"
179,"69,000",평점5,오아스토어,21.09.14.,2020년형오아 클린스틱 OA-CL010,"배송이 정말 빨리 왔어요! 구매한 다음날 바로 받아봤습니다. 메인청소기가 아닌 서브용으로 쓸 거라 소형무선청소기를 사려고 했는데, 흡입력이 약한 건 또 싫어서 소형무선청소기 중에 BLDC 모터가 달린 걸 찾고 있었습니다. 원하는 조건에 디자인도 이뻐서 골랐는데 너무 만족스러워요!! 흡입력도 좋고 작고 가볍습니다. 충전도 잘 되고 작으니까 거치해두기도 좋아요!! 그리고 디자인이 깔끔해서 아주 좋습니다ㅎㅎ 필터도 물세척이 가능하고, 교체필터를 하나 더 줘서 하나 세척하고 말리는 동안 다른 하나를 쓰면 되니까 편하네요 아주 만족스럽습니다!!"
180,"69,000",평점5,오아스토어,20.10.28.,2020년형오아 클린스틱 OA-CL010,와~~~~진짜 가볍고 편해요~~ 헤드도 가로길이가 작아서 좁은데 청소잘되고 흡입력도  좋고 ~~분리도 잘되고  소리가 크다고하는데  삼성핸디형 미니청소기보다 소리는 작아요~~그냥 생각했던거보다 소음은 괜찮아요약간 하이톤의 소리라서 거슬릴수있으나 청소하다보면 금방 익숙해져요암튼 저는 만족합니다. 자리도 안차지하고  ~간편해서~~~~최고~~ 버튼누르는것도 맘에들어요
181,"69,000",평점5,오아스토어,21.02.25.,2020년형오아 클린스틱 OA-CL010,8평 1.5룸에 사는 1인가구 사람입니다 .박스가 생각보다 작아서 놀랐고 열어서 조립해보니 딱 제가 찾던 사이즈의 청소기였어요!성능 디자인 다 만족스럽고 소음은 하이톤입니다 .  청소기 하나로 침대 바닥 구석진곳 다 청소 가능해서 매일매일 즐겁게 청소중입니다. 다만 청소기 본체와 연장봉 연결시 헐거워서 자꾸 빠지는데 마킹테이프 한번 감아줬더니 적당히 빡빡하니 딱입니다 참고하세요
182,"69,000",평점5,오아스토어,21.03.05.,2020년형오아 클린스틱 OA-CL010,배송도 빠르고 받아보니 훨씬 컴팩트하고 가벼워서 너무 좋아요 먼지 흡입 부분이 작아서 걱정했는데 흡입력 괜찮아요! 심지어 작은 솔도 들어있어서 침구 먼지도 흡수할 수 있단 점이 최고네요.. 다만 본체랑 봉 연결 부분이 미흡해서 잘 분리되지만 거기 잡고 청소하면 돼서 나쁘지 않아요! 어차피 제 방만 할 거기 때문에 거슬리지 않습니다 좁은 공간에 최고예요
183,"69,000",평점4,오아스토어,21.05.11.,2020년형오아 클린스틱 OA-CL010,흰색을 사고싶었는데..  블래만 헤드가 더 커졌다고해서 블랙으로 샀어요..첨받고 예상보다 더 작구나했네요 ㅎㅎ헤드크기가 더커졌다는데 실제로보니 커진건가 아닌가몰라서 상품정보를 다시봤네요.길이재보니 커진게맞긴한데..  그래도 어찌나 작은지..  ㅋ장난감 같아용 ㅎㅎㅎ대신 작으니 쏙쏙 구석구석 청소하기는 좋네요~!받자마자 충전시키고 밀어보니 1단계 에서도 흡입잘되네요..  소리도 우렁차고 ㅋ저렴한가격에 잘쓸것같아요~배터리가 오래가길~~~~~~~~~~
184,"69,000",평점5,오아스토어,21.09.01.,2020년형오아 클린스틱 OA-CL010,"몇 달 사이에 이 청소기를 3개나 구매했어요. 제가 써보고 너무 좋아서 어머님 하나 사드리고 원룸 사는 딸 하나 사줬는데 다들 너무너무 잘 쓰고 있다고 합니다. 80넘으신 어머님도 힘하나 안들이고 청소하신다며 갈때마다 자랑하시더라구요. 저렴한데도 흡입력 좋고, 가볍고, 필터청소 간편하고, 충전도 쉽고 보관까지 편리해서 사용하기 정말 좋습니다. 좋은 제품 감사드립니다!"
185,"69,000",평점5,옥션,21.07.31.,2020년형오아 클린스틱 OA-CL010,너무 좋아요. 차이슨무선청소기 쓰다가 6개월도 안되서 고장나서as보내며 샀는데 너무 가볍고 흡입력 또한 좋아서 최고에요.25평 아이들이 어질러놓은 거실과 방청소 다끝내도 충전이 살짝 남네요.  거치대없이도 모퉁이에 세워놓으면 잘 서 있고 소파밑 청소할때는 흡입구가 살짝씩 들리기는 하지만 힘저 꾹꾹 누르며 하면 바닦밑까지 청소 잘 할 수 있네요.
186,"69,000",평점5,오아스토어,21.03.06.,2020년형오아 클린스틱 OA-CL010,"청소가 쉬워졌어요, 시간도 많이 단축되고그냥 먼지나 더러운게 보일 때마다 바로바로 슉슉 돌립니다 크기도 많이 차지 않고 디자인이 청소기 같지 않아서 그냥 세워두기도 괜찮아요다만 청소기를 좀 돌리다보면 열이 손잡이 부분쪽 모터에서 발생하는 점, 그리고 다들 많이 쓰시는 흡입구가 작고 종종 뒤집힌다는 점은 아쉽습니다만이 가격에 이 퀄리티 없는거 같습니다! 만족하며 쓰고 있어요"
187,"69,000",평점5,오아스토어,21.01.02.,2020년형오아 클린스틱 OA-CL010,생각보다 더 슬림하고 가벼워서 잘 쓰고 있어요 방에 떨어진 머리카락이나 울 집 냥님들 화장실 근처 모래 치우는 것도 매우 간편해졌어요~^^차 트렁크 먼지도 무선이라 간편하게 쓸 수 있으니 넘 좋네요 다만 청소기 헤드가 너무 잘 돌아가서 조금만 개선되면 좋겠습니다 가성비 좋아서 동생한테도 사라고 추천했어요~ㅎㅎ
188,"69,000",평점4,오아스토어,21.12.09.,2020년형오아 클린스틱 OA-CL010,"나이들어갈 수록 무거운 것은 손목이 많이 아픈데... 이제품은 가벼워서 청소하기 너무 좋고, 부피도 작앗 아무 곳이나 세워둬도 공간을 많이 찾이하지 않습니다. 다만 소리가 좀 거슬리기는 합니다. 그리고 밧데리 사용 시간이 짧고, 오랜 충전해야지 된다는 점이 단점인데... 그래서 무게가 많이 안나가는 것 같기도 합니다. 여러기능이 많다보면...무게가 나가는 것 같아요."
189,"69,000",평점1,오아스토어,21.03.29.,2020년형오아 클린스틱 OA-CL010,"청소기가 일회용품도 아니고 두 달만에 고장났네요. 매일 쓴 것도 아니고 일주일에 한두번 정도 사용했는데, 내구성이 많이 아쉽네요. 수리받으려면 상품 박스에 구성품 전부 동봉하셔야 되고(이유는 잘 모르겠지만...), 왕복 택배비도 본인이 부담해야하니 참고하세요. 내구성과 서비스 부분에서 실망스러워 다시는 오아 제품 구매할 일 없을 것 같네요."
190,"69,000",평점5,G마켓,20.09.23.,2020년형오아 클린스틱 OA-CL010,작지만 흡입이 강해서 넘 맘에들어요!자리차지 하지 않아서 원룸에는 최고고요 투룸까지도 쓰시기 좋을거 같아요~아니면 넓은 집에서 서브용으로 쓰시거나 차량용으로 써도 좋을거 같네요무게가 가벼워서 청소기 든거 같지도 않구요 헤드가잘 꺾여서 틈새청소고 좋아요^^너무 맘에들어서 망가지지 않고 잘썼으면 좋겠어요ㅠ다만 크기가 작은아이라 필터는 자주 비워주셔야 되요^^
191,"69,000",평점5,오아스토어,21.04.20.,2020년형오아 클린스틱 OA-CL010,만듬새도 고급스럽구요. 일단 필터통해서 냄새나는 제품들이 많은데 이제품은 냄새하나 없구요. 제일중요한 파워와 작동시간이.. 너무 만족스러워요. 파워가 아주 쎄서 집안청소하기도 좋고 길이를 늘려 쓸수있어서 허리도 안아프구요. 풀파워로 쓰고 이젠 베터리가 지칠때가 되었는데 라고 생각할쯤에도 여전히 강력히 작동해서 놀랬어요. 진짜 좋은제품입니다
192,"69,000",평점4,오아스토어,21.07.16.,2020년형오아 클린스틱 OA-CL010,"식물을 기르는데 식물 작은 잎도 흡입이 어려워요.머리카락정도 청소만 할경우 유용합니다. 이 금액대에 만족하지만 개인적으로 소음이 꽤 있는 편이라 생각드네요. 동영상보다 실제가 좀더 큰것같아요. 그리고 입구에 좌우에 붙은 검은색 부직포 내구성이 떨어져서 벗겨지는데, 여유분이 함께 들어있거나 부직포가 아닌 다른형태면 좋을것같아요."
193,"69,000",평점5,오아스토어,21.07.21.,2020년형오아 클린스틱 OA-CL010,원룸인데 냥냥이를 키워서 유선청소기 쓰려니 집이 작아도 코드를 여러군데 옮기면서 청소해야해서 불편했거든요 근데 이건 무선이니까 자주자주 청소 할 수 있어서 좋아요. 그리고 가벼워서 자주 청소하기 편하더라구요 사이즈가 작아서 보관하기 편해요! 대신 먼지통이 작아서 자주 버려야하는데 버리는 방법도 간단해서 상관없어요!! 진짜 고민많이하다 산건데 이걸로 사길 진짜 잘했어요
194,"69,000",평점5,오아스토어,21.03.11.,2020년형오아 클린스틱 OA-CL010,원룸에서 사용할려고 구매했어요빗자루질 걸레질 해도되지만  청소기로 흡입시키는것보다 못한거같아서 구매했고요미세먼지도 안나고 흡입력도 좋고 가볍고설명서도 잘되있네요 다만 처음구매시에설명서 안읽어보면 사용법이나  조립먼지 버리는게 해깔릴수도있을꺼같네요한번만해보면 알수있을꺼같아요 흡입력은1단으로도 충분할꺼같고 안에 먼지가 뭉치니버리기도 편하네요 다만  그렇게조용하지는않네요
195,"69,000",평점5,오아스토어,20.12.29.,2020년형오아 클린스틱 OA-CL010,작아서 보관하기 좋고 쪼그만게 생각보다 잘 빨아드리네요. 집에 로봇청소기가 있어서 서브용으로 구매했는데 딱 좋네요.작고 가벼운게 성능도 좋아요차에 가져가서도 사용해봤는데 앞에 노즐 바꿔서 쓰니까 계기판 사이 먼지나 시트사이에 애들이 흘린 과자부스러기들도 잘 청소됩니다. 진짜 좋네요얼마나 쓸까해서 필터 따로 구매 안했는데 바로 구매들어갑니다 ㅎㅎ
196,"69,000",평점5,오아스토어,21.09.12.,2020년형오아 클린스틱 OA-CL010,저렴한 가격에 아주 가벼운 청소기. 허리 숙이지 않아도 되어서 너무 편합니다. 가벼워서 아무데나 걸어두어도 되고 하얀색과 매트한 느낌도 예쁘고 좋네요. 소리는 조금 있는 편. 그래도 머리카락 같은 건 아주 잘 빨아들입니다.좀 장난감 같은 면이 없지 않지만 그덕에 가볍고 손목 안 아프게 청소할 수 있으니 굿이에요. 틈새 청소도 문제 없습니다.
197,"69,000",평점1,오아스토어,21.07.24.,2020년형오아 클린스틱 OA-CL010,"머리가 작고 너무 가벼워서 헤드가 자꾸 뜸. 그래서 청소가 잘 안됨. 눈에 띄는 머리카락 덩어리조차 잘 안들어감. 필터 먼지 빼러 분리하면 빨아들여 지지 않은 헤드부터 스틱까지 안에 먼지, 머리카락이 가득. 빼기가 어려움. 너무 장난감 같고 청소하는 기분도 안나고 깨끗해지지도 않아 결국 걸레 들고 닦으며 먼지치우게 됨. ㅠㅠ 예전에 쓰던 3만원짜리보다 못한듯."
198,"69,000",평점5,오아스토어,21.08.13.,2020년형오아 클린스틱 OA-CL010,"생각보다 크기가 엄청 큽니다ㅎㅎㅎ저는 차에 두고 쓰려고 했는데 크기만 보면 한 자리 차지할 것 같아요ㅋㅋ 그래도 스트랩이 포함되어 있어서 보관은 어렵지 않을 것 같습니다. 그리고 아래 리뷰보니 집에서 쓰시는 분들 보관이 좀 용이하게 만들어달라는 얘기가 좀 있던데 보관 아주 용이하겠던데요..?받침대역할하는 뚜껑이며, 긴 노즐 연결했을때도 헤드부위에 지각으로 설 수 있게끔 각도조절이 돼서 걱정 없을 것 같습니다.소음은 좀있는 편이어서 사무실에서 업무중에 쓰기에는 엄청 눈치보일 것 같아요ㅎㅎ 저는 구성하며 만족스럽습니다"
199,"69,000",평점4,오아스토어,21.03.04.,2020년형오아 클린스틱 OA-CL010,가벼워서 좋긴한데 사진처럼 보통 여자 손 기준으로 생각보다 흡입구가 많이 작아요 그리고 좀 약해요ㅠㅠ 처음에 끼우다가 조금 깨졌어요주로 사용하는 청소기가 있고 보조용으로 가볍게 쓸거라 괜찮지만 원룸 사는 분이 아니라면 비추천합니다쓸때 손잡이가 없어서 불편해요... 차에서 쓰거나 가볍게 돌릴땨는 너무너무 좋아요
